latitude,longitude,suitability,color_r,color_g,color_b
13.078279458886499,77.56326160701981,0.10355117479539436,255,179,50
12.971159829855356,77.7030985706345,0.08124846077303083,255,183,50
12.934068568193135,77.6198071383842,0.013756935987206328,255,197,50
12.961056804812007,77.63114290436648,0.15824931357940575,255,168,50
13.013670882718245,77.51836912907635,0.14069858278576125,255,171,50
13.054269539368581,77.52430920266184,0.1651990931513849,255,166,50
12.980026410229557,77.63134242200968,0.07316462035305792,255,185,50
13.004611338371756,77.61225415254928,0.1370690133557966,255,172,50
12.954728506999851,77.71950014504765,0.09447141924245898,255,181,50
12.867240743109269,77.5251868864602,0.040659651510713615,255,191,50
12.923339348366886,77.60864308748378,0.011482789859415516,255,197,50
12.96513100827693,77.76106147750654,0.40897757490290515,255,118,50
12.896211722274957,77.61112433500891,0.11824834455001745,255,176,50
13.097387022113729,77.5496338836819,0.1351240467865827,255,172,50
13.037380891142906,77.58771892739102,0.0724591565202198,255,185,50
12.91515408711448,77.61408395519521,0.04600277538815898,255,190,50
13.033971067631606,77.65678919511168,0.023284184081202423,255,195,50
12.922038245707965,77.73572233997969,0.09843861862849597,255,180,50
12.967002348312944,77.57869853830684,0.0992079670496985,255,180,50
12.935989796786583,77.69719311760413,0.17531597559209827,255,164,50
12.885261235656552,77.62206114769761,0.12380208831954433,255,175,50
12.931079644571398,77.64740658030433,0.18665929429188013,255,162,50
12.935340796554469,77.4899468736228,0.06888463474789046,255,186,50
12.90375567882764,77.66922037603281,0.08951809223705429,255,182,50
12.963989317689386,77.60906608129739,0.03441559652015631,255,193,50
12.91065710192909,77.52009616796809,0.018366702113629552,255,196,50
12.917305040072701,77.66936425609588,0.044863172066856305,255,191,50
13.052968560027258,77.65422775804433,0.14539184559439808,255,170,50
12.946192676015425,77.75808972955032,0.3608671159125055,255,127,50
12.938441159105833,77.72208639666626,0.040615940691440026,255,191,50
13.115831944923464,77.60236338044227,0.12044254916861218,255,175,50
13.040035584048443,77.5932752550559,0.08038679592419448,255,183,50
12.8639925137724,77.58040408816792,0.07650894752677005,255,184,50
12.972830164412613,77.5373034625237,0.018087125890149058,255,196,50
13.063864794652881,77.6488151714526,0.2577962783744239,255,148,50
12.976808296894534,77.68105200594434,0.09514238327626573,255,180,50
12.865929660836855,77.65777042388868,0.06828262775203886,255,186,50
12.958150660905861,77.65045581359627,0.02721985530352009,255,194,50
13.070692063536029,77.5078870466071,0.031234517155198253,255,193,50
12.93641518632016,77.65575214021142,0.2574161804109763,255,148,50
13.03226286160379,77.55725832511642,0.13338044286969733,255,173,50
12.861309609442852,77.5776142495573,0.05698815571544732,255,188,50
12.914082176336393,77.71905958630917,0.08825851829971254,255,182,50
12.98922563290933,77.52365032890512,0.12890463234541372,255,174,50
13.08128979115071,77.53287878427602,0.08602725707766833,255,182,50
12.939265450125161,77.6419666975819,0.3233698047822996,255,135,50
13.017993573143384,77.62897867000017,0.08450385554748398,255,183,50
12.923477054260877,77.59482929618514,0.0471062094661108,255,190,50
12.919958352971161,77.67491817842173,0.07573848359963549,255,184,50
13.02606723278757,77.63459210734251,0.02733865506445199,255,194,50
12.95176026925089,77.47352840043006,0.013964095480748092,255,197,50
12.937705533318068,77.52589434008664,0.05945523095829612,255,188,50
12.994565259223378,77.53199621036609,0.03316111501474026,255,193,50
13.070011704733533,77.57699987014436,0.01734966405615443,255,196,50
12.871711321298037,77.62192017831063,0.11788703545107167,255,176,50
13.061715656807234,77.59350143770145,0.03179459682029439,255,193,50
12.9596005010599,77.50400611418108,0.06418939974721524,255,187,50
13.021285772639237,77.57096663345328,0.17470020424393823,255,165,50
12.949964662799902,77.65589566943245,0.27487931737186244,255,145,50
12.934317179145353,77.59494135854042,0.09886490219714975,255,180,50
12.983751558324391,77.52912275917797,0.17405571725101932,255,165,50
12.977677579165077,77.59539062857637,0.0,255,200,50
12.908159142273242,77.49796667987937,0.17825979126359698,255,164,50
12.870030673521464,77.51692697669554,0.25244740300880514,255,149,50
12.946155378215357,77.49281775814606,0.03184625883147141,255,193,50
12.921710337721866,77.49810138224097,0.043816789782333804,255,191,50
12.934941774170921,77.53139314141455,0.11956260147748438,255,176,50
12.88218909138999,77.65794183851504,0.09044721381440875,255,181,50
12.909090618835798,77.67756523204474,0.11422942034026823,255,177,50
12.92588310505996,77.62524775854773,0.09279475171264293,255,181,50
13.03835649691187,77.4882091189109,0.29508787783731166,255,140,50
12.973725630731545,77.71694320412112,0.03457507378954694,255,193,50
13.035646262786813,77.4881820220067,0.21376278748956756,255,157,50
12.933450898677439,77.6805879502711,0.040886604426475015,255,191,50
13.066800491535137,77.6267299776172,0.05060884449916925,255,189,50
12.982284917082083,77.67558366063635,0.0632470302300312,255,187,50
13.061012878723242,77.66260707043656,0.0486909038153329,255,190,50
13.01262967025151,77.62339413436257,0.13974707337047793,255,172,50
13.082918988546165,77.64072439419212,0.021526155669548897,255,195,50
12.974240544165912,77.66720717437366,0.05279311044243563,255,189,50
13.02927841352003,77.58487045212722,0.017848838770051178,255,196,50
12.921894712874044,77.47876048766526,0.13089072497397458,255,173,50
12.9748015433696,77.61194242855608,0.024860453110907267,255,195,50
12.963315997850298,77.67538075428644,0.10891567530045275,255,178,50
13.04592236514557,77.54634071210906,0.08122770065123976,255,183,50
13.010170100975817,77.59849237931935,0.24945683011312403,255,150,50
13.059958367162647,77.4967196276923,0.12515837342600983,255,174,50
13.05082012911206,77.59891665368157,0.10384320933344089,255,179,50
12.8892138008778,77.4950157441311,0.5296439302290962,255,94,50
12.856426548773824,77.52231622641148,0.16190577992174207,255,167,50
12.975132519887614,77.57878234435913,0.07497180965147722,255,185,50
13.073294608682053,77.51897286837352,0.26431630482969726,255,147,50
13.025181811754045,77.72026734387512,0.1456810882153606,255,170,50
12.963654764385044,77.64222388552392,0.004415898799370044,255,199,50
12.997646809179209,77.76142070404875,0.008051194082537537,255,198,50
12.84217580146424,77.59399207893425,0.2248237879572555,255,155,50
12.905316501984816,77.51175360697025,0.11653503890780154,255,176,50
13.072444376728896,77.60467233598288,0.0828770535261437,255,183,50
13.000306966835142,77.49888568370251,0.3399932239353542,255,132,50
12.99320957454984,77.66740963753382,0.10433733136630763,255,179,50
12.918546478782396,77.54504341106201,0.10415469189950133,255,179,50
13.043293722240538,77.5380203287096,0.1669968304212343,255,166,50
13.021258339892897,77.57373053653616,0.1330357125044865,255,173,50
12.989036973417406,77.54299575080816,0.043952180967373786,255,191,50
13.050428354759404,77.63761444268414,0.33115580516556165,255,133,50
12.976348623074156,77.72526186359605,0.20534305267534544,255,158,50
12.929143257510367,77.57001955378428,0.07982208670156325,255,184,50
12.848162843348607,77.53604549048754,0.33375753513806683,255,133,50
12.943512235783365,77.75529728783923,0.335812168498001,255,132,50
12.882104817761888,77.66622835108328,0.0983257157378166,255,180,50
12.99432153614723,77.55686920912429,0.06324338956072026,255,187,50
13.11027192890856,77.61613042520015,0.006967708391560999,255,198,50
12.973898322539805,77.70036476608517,0.11471289866292601,255,177,50
13.021203386202817,77.57925832369358,0.035508229342840446,255,192,50
12.904752471544473,77.56977007888747,0.09637818051795384,255,180,50
12.965306396663632,77.74448422103423,0.000993597271364927,255,199,50
12.937273508340876,77.57010282575851,0.030157848299760242,255,193,50
12.869139171776398,77.60808133905553,0.14830198165162078,255,170,50
12.965218834103428,77.75277287972376,0.23892163011817333,255,152,50
12.92523610193963,77.6887889070682,0.06035760613337038,255,187,50
12.984157238245876,77.75574476458152,0.005433823375390469,255,198,50
13.047577152858405,77.65140587354382,0.14519237998332193,255,170,50
12.960003302177679,77.73337340197186,0.058370088770525394,255,188,50
12.977091785984339,77.65341998609037,0.06582372277410553,255,186,50
12.907161924956448,77.60018657307064,0.01574540243038031,255,196,50
13.104711290399099,77.62989673059575,0.21773821268922186,255,156,50
12.959916128332562,77.74166196267957,0.11001013451108393,255,177,50
13.008061995906946,77.53766136799176,0.03605577783981851,255,192,50
13.067439182172155,77.56314963611584,0.0,255,200,50
12.91975948347472,77.69425591428532,0.16060434371219653,255,167,50
12.971102336886208,77.70862467028718,0.021401226027176177,255,195,50
12.97655065278253,77.70592026032347,0.019982300183323753,255,196,50
12.984823501577507,77.69219218637608,0.033832164277163616,255,193,50
13.047263726224788,77.68180969669365,0.00294357814904186,255,199,50
12.930995391356843,77.65569477421268,0.18850201074356435,255,162,50
12.904231089693889,77.6222587752964,0.04240669601387993,255,191,50
13.021666743993434,77.53227132903484,0.09736218314670593,255,180,50
12.985164963789845,77.65903292388408,0.12606134149330775,255,174,50
13.04819331404881,77.59059586693849,0.07605183244589545,255,184,50
12.983535454192028,77.55123120960948,0.006181500859271331,255,198,50
13.09711207646418,77.57728155679857,0.01945146420864701,255,196,50
12.893363468511497,77.62490818687988,0.2796047440213165,255,144,50
12.988351459560066,77.61208402490686,0.04104943861973612,255,191,50
12.949880018815687,77.66418442977265,0.31022862013813535,255,137,50
12.981121936104696,77.52080465429555,0.22122558061040562,255,155,50
12.978006517795793,77.56222972789229,0.01652620235341631,255,196,50
12.990894154676738,77.62869313509967,0.24273968160198794,255,151,50
13.048550707227044,77.55466122562373,0.011609225107305068,255,197,50
13.031232824643569,77.65952409718734,0.05399930444397672,255,189,50
12.977924678657594,77.57052003859093,0.07654618248968885,255,184,50
13.011201042789137,77.49346635941421,0.19637625610670872,255,160,50
12.904779621436306,77.5670074523825,0.031965746786324904,255,193,50
12.999135700482803,77.61772454675246,0.05943437653488274,255,188,50
13.12678350457807,77.5914174057576,0.04042075254489255,255,191,50
13.015395492278508,77.6178951879255,0.10882690137209099,255,178,50
12.86900133656619,77.62189200374729,0.06345080425769854,255,187,50
12.986109520006778,77.56507660502753,0.09626377483393195,255,180,50
13.012320349428908,77.65379438642492,0.0,255,200,50
13.011121195026735,77.50175821430193,0.4011491414457538,255,119,50
12.973018169700566,77.51795920859553,0.084895297357638,255,183,50
12.85862666364654,77.5748244701068,0.06702234502993126,255,186,50
13.097056732411257,77.58281101544037,0.039989867697647376,255,192,50
12.83960180687913,77.5801549123135,0.27699200075084485,255,144,50
13.104936123113177,77.60777888923704,0.23985365055127225,255,152,50
12.955072667083037,77.68634561500016,0.10607403107205528,255,178,50
12.93613232307438,77.68337962305205,0.0290321399840363,255,194,50
12.87702042570559,77.63302531792895,0.005308294640179691,255,198,50
12.97867926970143,77.76121103641243,0.06739836328717588,255,186,50
12.956488375631816,77.54542839502939,0.2129686926209775,255,157,50
13.077442568980539,77.64619542450652,0.10323831596843502,255,179,50
13.026235340953294,77.6180090775366,0.2511222665711017,255,149,50
12.980825340634393,77.55120354771972,0.09058739794016996,255,181,50
12.863359415478017,77.64393192895822,0.1441592078568428,255,171,50
12.885454253309463,77.60272492836279,0.05487164874655117,255,189,50
13.06735675985709,77.571442915272,0.06700631061549556,255,186,50
12.924660949615934,77.74403924176724,0.1317982619101731,255,173,50
12.88816427626398,77.60275293407507,0.08669015491539003,255,182,50
12.880550703034535,77.55018446619269,0.03052376893331556,255,193,50
12.88244034261771,77.63308194909355,0.11360808560989362,255,177,50
13.027167955241257,77.5240342370893,0.07190014780520952,255,185,50
12.875291282365374,77.53355546556003,0.22724194481805668,255,154,50
13.012852398406116,77.60128436904803,0.27122417907690094,255,145,50
13.018929583006537,77.53500775019207,0.036107975998829894,255,192,50
13.06146477985551,77.61837993083707,0.0510568583335332,255,189,50
12.888627201521265,77.5557917409635,0.1282895041006506,255,174,50
13.082947266086691,77.6379599538353,0.03317204490612984,255,193,50
12.97133160626295,77.68652011238284,0.0,255,200,50
12.924552445950528,77.48431329827949,0.03412718497422594,255,193,50
13.00591301924499,77.47959259317018,0.13186255836876515,255,173,50
13.01511496546917,77.64553224242391,0.11370664484376183,255,177,50
13.112841043338252,77.62998313880118,0.040848217693350175,255,191,50
12.947254768753426,77.6558669505327,0.19966312297585656,255,160,50
12.943773943873145,77.7304333358114,0.2270665281306542,255,154,50
13.011307095110807,77.48241046702624,0.09310352009434303,255,181,50
12.954100227258047,77.51224182150557,0.04241618156695017,255,191,50
13.007404670943172,77.60399151840004,0.06775789129824852,255,186,50
12.97578181863161,77.51245944800438,0.027579406692120806,255,194,50
12.96653252466682,77.62567352952344,0.05600168375314363,255,188,50
12.958430504742605,77.6228251651871,0.21233114873043607,255,157,50
13.049973541930566,77.68183892772971,0.003076458759226052,255,199,50
12.914510325917302,77.67762296880947,0.04757064230694283,255,190,50
13.015058507556933,77.65105957542697,0.10391239239238165,255,179,50
13.037900548962622,77.53520087043462,0.0216626690378576,255,195,50
13.067329226737453,77.57420732900107,0.0963488360202895,255,180,50
12.871433412496494,77.64954132002407,0.14705810374031575,255,170,50
12.982398478877704,77.66453063991457,0.09006955631596111,255,181,50
13.013264946016536,77.5598274576966,0.08345203686206938,255,183,50
12.986993884306543,77.4738767299392,0.17177572958088938,255,165,50
13.077836424795782,77.60749369513087,0.07941458376050278,255,184,50
13.075760799672953,77.54388176724038,0.24667466618605927,255,150,50
12.979029371142843,77.7280544901368,0.3019025706913483,255,139,50
12.924834720071116,77.72746442205467,0.018825099033923518,255,196,50
12.885426766595698,77.6054872646404,0.019997189230341106,255,196,50
13.01385805715217,77.49902143047211,0.394201171409623,255,121,50
13.013237648503607,77.56259129613264,0.0576939166347284,255,188,50
12.995862591363249,77.67296539635649,0.09932423445970469,255,180,50
12.991502376153482,77.56789584553937,0.10865878799197037,255,178,50
13.085938382296732,77.61034372750622,0.0381360647696892,255,192,50
13.061436757189089,77.62114417570572,0.11169971410242575,255,177,50
12.98575236738839,77.60100195558843,0.06915541187182302,255,186,50
13.132231351053381,77.58870916173312,0.10087751090161727,255,179,50
12.970491592573183,77.76664709794301,0.3327772226474762,255,133,50
12.968190461046607,77.72793626194566,0.02875833636244129,255,194,50
12.940227577563368,77.54526325175416,0.057412452849643934,255,188,50
12.946287185528467,77.47900146320085,0.07005421342302742,255,185,50
12.947922306484804,77.58955548302052,0.0,255,200,50
12.899922602344251,77.50893678622656,0.1460483799995822,255,170,50
13.004218939025705,77.65094435148683,0.2347093316343375,255,153,50
13.085628887672206,77.64075325914601,0.055358633665592454,255,188,50
12.897265336909634,77.50338440846068,0.3563530987232588,255,128,50
12.913206826150738,77.53670017832529,0.020012475858367535,255,195,50
13.035109085630234,77.54346564880116,0.1503450484772193,255,169,50
13.040311060839556,77.56563428275182,0.046648935906433805,255,190,50
13.037927604977343,77.53243669935804,0.02166123271497176,255,195,50
13.072914145960358,77.55767660418235,0.0,255,200,50
12.96890567550701,77.65886001991993,0.0554360691476796,255,188,50
12.948679823225088,77.51218747665375,0.10516811499682087,255,178,50
12.998543966243629,77.67575783697711,0.0672865362659741,255,186,50
12.980332353691795,77.6009455496753,0.06966668229538378,255,186,50
13.012007474709204,77.68419384842328,0.06386132682423165,255,187,50
13.08397276758184,77.53567115009635,0.0657734424936881,255,186,50
12.877651539444928,77.56949348428384,0.20748528511436407,255,158,50
12.864477269511543,77.53068430570914,0.04233896130013456,255,191,50
13.029552770981715,77.55723049021347,0.19301326580641517,255,161,50
12.962363831509938,77.49850641032988,0.07766670629504799,255,184,50
12.929034153980457,77.58107106649251,0.021561751008732064,255,195,50
13.067603230076813,77.54656290755408,0.21460626534282942,255,157,50
12.943286035494637,77.50936998258092,0.21294723206048843,255,157,50
13.07219222190495,77.62955168087612,0.20580271800236138,255,158,50
12.980276991306578,77.60647231157049,0.08331338120269062,255,183,50
12.989897280953171,77.72540961687861,0.05215595354994338,255,189,50
12.968849131476205,77.66438627104802,0.10192783898957092,255,179,50
13.0540799030064,77.5436596620341,0.17655144510472776,255,164,50
13.1350802018073,77.5749118230777,0.2620818730633296,255,147,50
12.990499714947873,77.66738069454507,0.03399134266147333,255,193,50
13.099766754286955,77.58283927937063,0.0,255,200,50
12.92574376481291,77.63906134484037,0.05420344025237298,255,189,50
12.93855631421205,77.71103573444265,0.23051923727756704,255,153,50
12.997623334173149,77.49609475088809,0.25925525829228335,255,148,50
12.91769759190299,77.6306880541244,0.010024708903367412,255,197,50
13.12960471134959,77.58038551402491,0.20789892884120398,255,158,50
13.005780584367862,77.4934121743793,0.25005393640825624,255,149,50
12.921893103964882,77.74953445703524,0.254933566752796,255,149,50
13.014945239202659,77.66211416310266,0.05825691734390649,255,188,50
12.94540375358677,77.57018615458507,0.059965595847686216,255,188,50
12.984794855913956,77.69495541537603,0.016842664231222854,255,196,50
12.97786997273979,77.57604688079218,0.06330983842362836,255,187,50
12.991556965138114,77.56236866653084,0.1801626650225799,255,163,50
12.991447669847684,77.57342299928114,0.030575557117834513,255,193,50
12.944204867198884,77.68899221031249,0.13669345980950975,255,172,50
12.917864079309386,77.61411215010057,0.11724403014748308,255,176,50
12.967916615149248,77.48474309164897,0.11145802863060734,255,177,50
12.96014800708518,77.71955899982908,0.036194877676939484,255,192,50
12.976779786909189,77.68381517178119,0.010247339712793279,255,197,50
12.864128111750459,77.56659324169391,0.04859097043905653,255,190,50
13.017598282715939,77.66767041971646,0.16310582274096794,255,167,50
12.905554296375628,77.48688856799279,0.29431477815007023,255,141,50
12.910090990672959,77.57811349333697,0.09463738819275277,255,181,50
12.90146563055701,77.62775545557184,0.18488646956408772,255,163,50
12.989572187699853,77.487722311532,0.0,255,200,50
13.038035534614599,77.52137995277874,0.27230018086747837,255,145,50
12.913126197899128,77.54498851343273,0.1290798599528041,255,174,50
12.8695212477624,77.56941062895795,0.18875035501514986,255,162,50
12.934151701246034,77.61151860280526,0.04956942492266302,255,190,50
13.017427109556177,77.68425220540941,0.07546127532086162,255,184,50
13.081371061122471,77.52458478980178,0.0922151579678492,255,181,50
12.924805831226747,77.73022690879948,0.05786356486107105,255,188,50
13.013373842246917,77.54877204103055,0.05377075830206256,255,189,50
12.949452853777737,77.70562734373672,0.359939414611487,255,128,50
12.871600506310955,77.63296871262548,0.026224565023322714,255,194,50
13.056240122214811,77.59897333234731,0.04291947825148977,255,191,50
13.089311339762537,77.5440207866219,0.062486508685619266,255,187,50
13.126894690465987,77.58035721032181,0.25591950630532656,255,148,50
12.9803599909327,77.59818215912932,0.023630728480792083,255,195,50
13.078086561696379,77.58261334608744,0.18155780341636227,255,163,50
12.95201875601486,77.71947072768431,0.10715739042453276,255,178,50
13.02267443690112,77.70089249632694,0.20686201410713614,255,158,50
12.92726271115196,77.48434011456091,0.09447398203481676,255,181,50
13.063836441545618,77.65157937502842,0.24244265593600017,255,151,50
12.950217016549287,77.63102903660688,0.11046743234224933,255,177,50
12.988682793391593,77.57892214795388,0.02852392765086345,255,194,50
13.056267897035946,77.59620909623429,0.07196800764151227,255,185,50
12.93943292717842,77.62538952087628,0.0034805343982408144,255,199,50
13.000238614481066,77.7725036053564,0.3929223414089316,255,121,50
12.962150675755929,77.52061349589933,0.05966746759854505,255,188,50
12.90973410086032,77.61402758465196,0.0424258949158808,255,191,50
12.930369510205798,77.71647305641542,0.18299354231440257,255,163,50
13.00598092541507,77.74216737054984,0.3779821628034261,255,124,50
12.958234921143378,77.64216668718258,0.032867608670070554,255,193,50
12.872339488095307,77.5583891204278,0.05520945853708233,255,188,50
12.98141498503624,77.4904050106497,0.10731323052026501,255,178,50
13.02244305104862,77.72300133391263,0.2597365073055346,255,148,50
12.861713702367767,77.53618158794836,0.024067607321312887,255,195,50
13.045593771788216,77.57951105529878,0.04807004687122415,255,190,50
13.007680612084732,77.57635439882684,0.003221290203132826,255,199,50
13.126587787987889,77.61077250158864,0.18296947248424442,255,163,50
12.965480731949258,77.72790672166585,0.07553102032105757,255,184,50
13.044838929226582,77.65414096613524,0.07858121716836436,255,184,50
12.911053597900011,77.47865354582189,0.09350935297070628,255,181,50
12.983805291207158,77.52359558422621,0.20668371199131938,255,158,50
12.987903113770551,77.65629841966957,0.03253643635617346,255,193,50
12.918330093739993,77.56714583787036,0.05768266870775805,255,188,50
12.907705914542627,77.54493364081578,0.17828663672723366,255,164,50
12.932731855787166,77.74965318066218,0.09543040815582429,255,180,50
13.020393344299324,77.65940835688006,0.14800691331731952,255,170,50
13.028551317774582,77.6567313587724,0.15277251374445625,255,169,50
12.939983590710185,77.57013059571668,0.04198459958829603,255,191,50
13.012263727443106,77.65932162036313,0.004527318473584802,255,199,50
12.882634132334566,77.61374611719809,0.06385006612219464,255,187,50
13.02985116615787,77.52682580539445,0.07781897146500205,255,184,50
13.01299064875669,77.58746555748438,0.12851177126181593,255,174,50
13.08602216945334,77.60205008346617,0.023858876347918282,255,195,50
12.94291071347767,77.54805385310769,0.10094917127880366,255,179,50
12.990556415327555,77.66185397863244,0.08316465685130096,255,183,50
13.045400133501582,77.59886000061,0.08714218926651023,255,182,50
13.072472246355993,77.60190793216366,0.06539743235146127,255,186,50
12.88548171094351,77.59996258569326,0.04753921800144618,255,190,50
12.968735692193727,77.67543869463651,0.0120224157438456,255,197,50
12.896045698207102,77.62769885254632,0.15191241792808208,255,169,50
13.12935382253932,77.60527108220026,0.33852778273259493,255,132,50
12.993687892490225,77.62043121295926,0.08646002692955683,255,182,50
12.966865042982716,77.59251490390945,0.03829441930335133,255,192,50
12.96789020805195,77.48750658926627,0.15006406002307315,255,169,50
13.022760721656466,77.6926015723863,0.17592278871491043,255,164,50
12.877705692342492,77.56396881808286,0.12090933666940328,255,175,50
12.98778985471855,77.66735175811695,0.04570903432473129,255,190,50
12.934206977319237,77.60599288031733,0.13051051503595318,255,173,50
12.917641862878373,77.63621330382976,0.021069678988975226,255,195,50
12.936443312084416,77.6529893559185,0.21713441826945618,255,156,50
12.983965786255451,77.50701391061311,0.10894112247227636,255,178,50
12.867026875538347,77.54728515493711,0.06785833886577776,255,186,50
12.890791715343118,77.61106811367522,0.056643558997684015,255,188,50
13.000823124332753,77.71723791480728,0.011774470055893342,255,197,50
12.954126869077836,77.50947852836251,0.0974915493797845,255,180,50
12.981506114407631,77.75018877508478,0.07809768839451123,255,184,50
13.102393502008837,77.59116187093724,0.13550813698854855,255,172,50
12.878267278073261,77.5059583127748,0.013377335415024692,255,197,50
12.912719121635709,77.58642934114906,0.10828067891879586,255,178,50
13.048632475448454,77.54636846459482,0.0025015969639471934,255,199,50
12.915043236159685,77.6251344648045,0.06567406096171212,255,186,50
12.996453582055041,77.61493259767117,0.17933909951519172,255,164,50
13.000413162666156,77.48783031952989,0.09532833104748686,255,180,50
12.967986923532617,77.74727686309544,0.09904079329684591,255,180,50
12.928059582692203,77.67776742584543,0.09887756132921655,255,180,50
12.935586841187227,77.73587001809136,0.02312051431741939,255,195,50
13.028889371095751,77.62356532847542,0.10121188547402879,255,179,50
12.987158547103697,77.72814323171544,0.1237252250980302,255,175,50
12.946656867103533,77.71388640327447,0.14552311367492685,255,170,50
13.056406328950978,77.58238781991844,0.19668293043661264,255,160,50
12.951496394333299,77.50116155568766,0.28039304766307394,255,143,50
12.992548949231011,77.7309656582751,0.03639428032207387,255,192,50
12.966110950313997,77.66712050283331,0.05931103210984411,255,188,50
12.928842099257139,77.600410969265,0.025011908746152663,255,194,50
12.96066289112716,77.66982577428838,0.15068147289971795,255,169,50
12.972694996232207,77.55112059969748,0.027220649802134168,255,194,50
12.8767692836923,77.65788467420265,0.06083004305178238,255,187,50
12.85055054556566,77.5692175206568,0.12234792483305872,255,175,50
13.013400992847625,77.54600817116744,0.05194508614548916,255,189,50
13.026291141757248,77.61248134931817,0.15336637011632462,255,169,50
12.859003531794661,77.5361543560041,0.024323711191854516,255,195,50
12.94532186341107,77.57847533447364,0.05188237809972945,255,189,50
12.989412855284764,77.5043046028139,0.04469848814019903,255,191,50
12.887860257046325,77.63313860612193,0.14770201790092669,255,170,50
13.002533388255024,77.54866127476251,0.042250075236780024,255,191,50
12.959857866232744,77.74718763613107,0.13887447793240185,255,172,50
12.86128243769772,77.58037637662548,0.00889637588305765,255,198,50
13.007899250567482,77.55424424643522,0.0672386997053147,255,186,50
12.974466349476305,77.64510158782421,0.024038118068959998,255,195,50
12.972449848396531,77.57599105079498,0.05936094155120515,255,188,50
12.962333284045258,77.76932003333025,0.6071205403711888,255,78,50
12.958762456565205,77.58966753652848,0.12130828991676787,255,175,50
13.089393016721676,77.53572659576606,0.1384572508807629,255,172,50
12.994753178551722,77.51265019559365,0.11300529352567266,255,177,50
12.993771421664132,77.61214070841831,0.07069215529369804,255,185,50
13.026123386465901,77.629064456603,0.049529406464171935,255,190,50
13.050624963797826,77.61826570611069,0.08050515889763137,255,183,50
13.067493982842532,77.55762075177213,0.09098475510857724,255,181,50
12.995919433524326,77.66743858708352,0.016942508958980425,255,196,50
13.014458605259616,77.7090949862845,0.08382908810996759,255,183,50
13.024187082877111,77.55164689114426,0.163481143715222,255,167,50
13.053585634223118,77.59341657132119,0.12034866281919074,255,175,50
12.850685415959726,77.55540728738045,0.5566825862263021,255,88,50
12.939543994479967,77.61433794059606,0.056396323002543325,255,188,50
12.971245849780326,77.69480937132545,0.1056246554889814,255,178,50
12.947812219143989,77.60060765142538,0.13663570739422054,255,172,50
13.057221441794917,77.49945685349635,0.18934465068186637,255,162,50
12.8668382167202,77.56662081161804,0.055801433474737185,255,188,50
13.058894467804896,77.60453019443733,0.1444030585669424,255,171,50
12.943312625048085,77.50660680248727,0.1322644995965254,255,173,50
13.059797610030948,77.51330648750512,0.04253201005285508,255,191,50
13.097441656303063,77.54410427345732,0.11368498913607712,255,177,50
13.096862096616036,77.60216391988035,0.05302633076410606,255,189,50
13.008304131309117,77.5127866293088,0.04819584618554261,255,190,50
12.929814574384578,77.50094532700534,0.03633552614722183,255,192,50
13.007069665533095,77.63715521559622,0.03409743461147187,255,193,50
12.949908262701902,77.66142151619897,0.3259355158551602,255,134,50
12.955942261191142,77.6006920396639,0.02584808750639727,255,194,50
13.00963872454625,77.65100195041221,0.056399527941819134,255,188,50
12.94668563075672,77.71112363839761,0.22659753188152518,255,154,50
12.892916178607788,77.66910539000203,0.06354921948087344,255,187,50
12.872714325984427,77.5197164094073,0.21244201651297298,255,157,50
12.904203357307551,77.62502127425564,0.13548945693117062,255,172,50
12.97214700192684,77.60638757148675,0.029490472973455046,255,194,50
13.115719906235503,77.6134228874052,0.15417156602010829,255,169,50
13.001282282922315,77.67302343479707,0.1920902234506344,255,161,50
13.06266857852577,77.49674687000218,0.050836039399020344,255,189,50
12.971784524559913,77.64230973175886,0.048026699079319474,255,190,50
13.113427566036583,77.57192102723704,0.09917814794145974,255,180,50
12.90138218941913,77.63604280531166,0.09801002920566812,255,180,50
13.083945583138066,77.53843582634279,0.006046565859250363,255,198,50
12.940065182561066,77.56184153767401,0.11082812657942552,255,177,50
12.988128224790021,77.6341914296157,0.24518123551279605,255,150,50
12.917891725172296,77.61134947691023,0.023728237929339743,255,195,50
12.912964154369869,77.56156501463158,0.0701030419341577,255,185,50
13.005161927313686,77.5569802592847,0.07057743421022757,255,185,50
12.940802563912897,77.75526751024057,0.3997104446687563,255,120,50
13.003329582740717,77.73661093063768,0.21124771645301205,255,157,50
12.976100139791711,77.4792966592637,0.12345001454698341,255,175,50
13.015227528750966,77.63447749835849,0.030732886587988954,255,193,50
12.94383177999177,77.72490793914947,0.1945932801779201,255,161,50
13.000012506409767,77.52928742664622,0.018538885418266267,255,196,50
12.866593564551158,77.59148048758897,0.0442501784498437,255,191,50
12.90472529252495,77.57253269907945,0.10323433039615586,255,179,50
12.904286467101016,77.61673375806002,0.1254422740718769,255,174,50
12.97225753788084,77.59533438049036,0.030363418232083536,255,193,50
12.909484138858986,77.63889055145444,0.03440304760304734,255,193,50
13.002370008445949,77.56524364323671,0.06929292674514134,255,186,50
12.861846948547083,77.52237038828413,0.03127507746794125,255,193,50
12.943570597551751,77.74977201239243,0.2430068778863391,255,151,50
12.984593515804239,77.71429783242169,0.001731293923946107,255,199,50
12.947839784818044,77.5978446188963,0.07724833805869681,255,184,50
12.872634482997691,77.52800352163595,0.17782984647450661,255,164,50
12.904968855077982,77.54766889065164,0.05592934533266517,255,188,50
12.927803201998236,77.70263091276045,0.13941761317039492,255,172,50
12.985917822691778,77.58442115800345,0.15732713982296062,255,168,50
12.94355061594755,77.48173790517502,0.0693712320930847,255,186,50
13.063921412391524,77.64328674474069,0.1497437381102888,255,170,50
12.953697090382258,77.55369047366041,0.09376006289306482,255,181,50
13.050201891030898,77.65972689473575,0.0416078880698554,255,191,50
12.96507405948586,77.49853346134047,0.010444168023532678,255,197,50
12.977288485678693,77.63407718354897,0.037476565531325515,255,192,50
13.088367075824518,77.6380176299775,0.06132996816986127,255,187,50
12.99030034009181,77.6867239932243,0.06332682186013833,255,187,50
12.850658499885398,77.55816934660821,0.4875272859344437,255,102,50
12.989926261430327,77.72264640139461,0.04673115596796305,255,190,50
12.861873510688802,77.5196081297456,0.04705014450025701,255,190,50
12.962230828666844,77.51232338510897,0.03830731261645984,255,192,50
13.02640239047294,77.60142581578214,0.13125160875664013,255,173,50
12.87778670369971,77.55568177157649,0.017078187741708786,255,196,50
12.853663171336203,77.52781347579904,0.20374966513575732,255,159,50
12.93807742144151,77.48721061037182,0.032340318986585535,255,193,50
12.945046996804606,77.60610552109117,0.013872575635317764,255,197,50
12.966671586165202,77.6118575478257,0.08866159161630242,255,182,50
13.067847309994013,77.52168239183673,0.24724105154817502,255,150,50
13.048386375246189,77.57124657767743,0.10221112631160095,255,179,50
12.89705282062979,77.52548568191582,0.009783360795277824,255,198,50
12.916820689603997,77.71632648575793,0.10314332605977225,255,179,50
13.080602202099525,77.60199320371846,0.05982651142670088,255,188,50
12.923089640228353,77.63350750742016,0.07933398562222663,255,184,50
12.96647669519777,77.63119987705808,0.0,255,200,50
12.945782430128075,77.53150256622915,0.17528797611198677,255,164,50
12.950077112289186,77.6448438976122,0.06208023779840696,255,187,50
12.96539369594856,77.73619550162067,0.18590007478742454,255,162,50
13.01361713982591,77.52389698728966,0.10799179281670324,255,178,50
12.885536538971193,77.5944378812056,0.08449862949989309,255,183,50
12.938130080932485,77.48168426501574,0.08486907732907863,255,183,50
12.948989964659905,77.7498314688033,0.06975596656362325,255,186,50
13.037103118726344,77.6153590893362,0.13090942982652828,255,173,50
13.027221755995338,77.51850607904606,0.13306815095340382,255,173,50
12.90127052697629,77.64709251428262,0.034882531242434775,255,193,50
13.067274071978137,77.579736137434,0.045409671501950445,255,190,50
13.13197960795399,77.61359482933653,0.3524993261336614,255,129,50
13.077357418418673,77.65448848667423,0.36023166633751913,255,127,50
12.842420235373297,77.56913485456064,0.3567137215734246,255,128,50
13.001901360132724,77.61222578187721,0.05260856067930441,255,189,50
12.886318472364554,77.51432682945801,0.2159273876060357,255,156,50
13.050287035880004,77.65143477413821,0.1873713631835019,255,162,50
12.965451749203378,77.73066965503298,0.07705303012160725,255,184,50
13.050931003904068,77.58785991137619,0.2022476938084275,255,159,50
13.066828585229615,77.62396568549856,0.020731255159005042,255,195,50
12.893168695630942,77.64424466795914,0.03804247552157029,255,192,50
12.902419746936559,77.5310654641826,0.050357077525232455,255,189,50
12.86319173411798,77.66050384780962,0.0014226755026591278,255,199,50
12.916130756774969,77.51462479642018,0.17900562436171596,255,164,50
12.97070593314712,77.47647938659608,0.2845852536101704,255,143,50
13.022121604060759,77.48528253328854,0.1008341115307079,255,179,50
13.018902538299606,77.53777170501684,0.046591193089444365,255,190,50
12.924154644532504,77.52575796553498,0.17293449795014473,255,165,50
12.912526908500963,77.60576790616925,0.039512704385214176,255,192,50
12.893857766166976,77.57518436196895,0.03359020275799251,255,193,50
12.994672817747299,77.52094138200613,0.09575909327402732,255,180,50
12.96559637038152,77.7168549212,0.03597314739777933,255,192,50
13.049090819303311,77.49937509169811,0.0960125713595523,255,180,50
13.020165534504004,77.68151774936916,0.20172303812720982,255,159,50
12.918357243932123,77.56438305652581,0.11069599836479319,255,177,50
12.922153834355305,77.7246725253122,0.06098204314606135,255,187,50
12.933845595646224,77.64190961614032,0.21865554438654822,255,156,50
13.03967306279116,77.62920756368162,0.04815162259040503,255,190,50
12.860453789958202,77.66323721257672,0.13229741621690888,255,173,50
12.876713154748938,77.66340890398295,0.0647024418343162,255,187,50
12.931219482949972,77.633592793765,0.016925006949750562,255,196,50
12.978854847541323,77.7446328847541,0.10149312491323814,255,179,50
12.886424405502652,77.50327661791665,0.3029170889444013,255,139,50
12.860537830017888,77.65495139074469,0.20741133393085587,255,158,50
12.943599734633707,77.74700936452886,0.23928318264961035,255,152,50
12.90699645578199,77.61676195696424,0.07151008804448268,255,185,50
13.105103504811565,77.59119023815249,0.14759104482848057,255,170,50
12.985277846724829,77.64797962654106,0.14045557755168192,255,171,50
12.894422529459593,77.51717064549035,0.032757391981367956,255,193,50
13.036963128781245,77.6291789293236,0.0983129388916998,255,180,50
12.855726048934399,77.59413121700587,0.02475478064174632,255,195,50
12.963230647964366,77.68366982393965,0.15570154611903492,255,168,50
12.871572729951712,77.63573083005956,0.09843756549140376,255,180,50
12.988184209387299,77.6286646171769,0.20720764512685558,255,158,50
12.970093049947065,77.54003938510475,0.014787828486333296,255,197,50
13.074873976932675,77.63234476886566,0.12130106982610801,255,175,50
12.945593807861602,77.55084451403444,0.15597918847673345,255,168,50
13.075321167398444,77.58811408397628,0.08462579721228906,255,183,50
12.95691684314182,77.50121567434422,0.16463083243202,255,167,50
12.920014910449833,77.66939305178181,0.09120407212615617,255,181,50
13.083891125604394,77.5439651600693,0.12060461308410521,255,175,50
12.898251197184203,77.67744983744258,0.15892728709344614,255,168,50
13.021558483075886,77.54332725575385,0.15778601354035832,255,168,50
12.961251611576786,77.61180099278326,0.06865786349236938,255,186,50
12.933222789257021,77.70268927699514,0.10662574669931305,255,178,50
13.104964094043707,77.60501413008068,0.16228900877280258,255,167,50
12.953149339569238,77.60895314186298,0.15382421469184063,255,169,50
12.969186639453817,77.631228373108,0.036482915861452234,255,192,50
13.018216867424428,77.60686852825751,0.195597587102103,255,160,50
12.988737605193402,77.5733950793369,0.07013909591157058,255,185,50
12.894235701192338,77.53650885705281,0.08537041198788434,255,182,50
12.929734979609286,77.50923443914502,0.06433056587489522,255,187,50
13.017226070745481,77.7035973214351,0.16198309700553548,255,167,50
12.95323224779799,77.6006639038578,0.006932679496164342,255,198,50
12.939626988306394,77.60604918789372,0.18120865193255825,255,163,50
12.998911803622043,77.63983280510706,0.0911263000990166,255,181,50
12.896838441077405,77.54758655832849,0.16243383762711652,255,167,50
12.956162110835958,77.578586885674,0.06092851543301353,255,187,50
12.922440765144612,77.69704752099688,0.052100063887424275,255,189,50
13.017512828351045,77.67596134219254,0.2308259853280137,255,153,50
12.921094469332724,77.5616479054458,0.0,255,200,50
12.900989333033923,77.67471633061656,0.05043302180394384,255,189,50
12.893000612779927,77.66081854140765,0.0033509068281113207,255,199,50
12.975377984296529,77.55391168126869,0.10089449304039062,255,179,50
13.059143964104537,77.57965168399456,0.08154474372031711,255,183,50
12.964428833899838,77.56485424072163,0.17302583470122201,255,165,50
12.928786963844125,77.60593659835932,0.06723594561707512,255,186,50
12.890929208641209,77.5972561358751,0.060831920983045476,255,187,50
12.933308549163128,77.69440132909845,0.08065489125601985,255,183,50
12.839574653475273,77.58291679662642,0.21867704632481805,255,156,50
12.920155793941825,77.65558012052554,0.0686937523177348,255,186,50
12.983724647909385,77.53188633732599,0.09486552049806614,255,181,50
12.974522507975207,77.63957512600743,0.013671826348197927,255,197,50
12.968277252499657,77.71964733214335,0.10398022328701478,255,179,50
13.00266873076028,77.53484246186507,0.0631871256943857,255,187,50
12.979546615803322,77.67831786315614,0.1621052587335153,255,167,50
12.93116363514731,77.63911832784396,0.10071702561280599,255,179,50
12.959785845462974,77.48466238627674,0.0,255,200,50
12.948492592569718,77.53152993798975,0.15219674972422154,255,169,50
12.926487537539437,77.56446607430922,0.030765406210682925,255,193,50
12.88079169667727,77.5253226095467,0.4305085027257537,255,113,50
12.86324774399825,77.65497990091188,0.18002537915104794,255,163,50
12.902392981542132,77.53382814245079,0.03941227143909692,255,192,50
13.007376915320961,77.60675519523188,0.10422587277672563,255,179,50
13.063608555019572,77.67369276801642,0.2050765697397943,255,158,50
12.983180283798225,77.58715658347485,0.05141547538363696,255,189,50
13.007844767159337,77.55977182237727,0.038966665480677364,255,192,50
12.917389639292628,77.66107660610878,0.12069174088885685,255,175,50
13.003036677978542,77.76424394073389,0.20705277468143013,255,158,50
13.043563367764836,77.5103777996567,0.035120293163301945,255,192,50
13.025413012221,77.69815821314096,0.24224781088452008,255,151,50
12.966727005888204,77.60633111014434,0.08464782348985324,255,183,50
12.890681197057303,77.6221175805247,0.19707036700050634,255,160,50
12.942392188000543,77.60055142456379,0.11677136939490874,255,176,50
13.072022790585708,77.64613761969628,0.13172462143979446,255,173,50
13.045840614485622,77.55463338299573,0.05223322587193023,255,189,50
12.91932852472925,77.73569282452247,0.03176114089908048,255,193,50
12.981241768206193,77.77505605758344,0.5419091649191113,255,91,50
12.875767567077716,77.48383164893784,0.7351231114241489,255,52,50
13.02974307072835,77.53788214196798,0.06326952699051232,255,187,50
12.96523273132148,77.48195270987208,0.08003873252406035,255,183,50
12.993294599472117,77.65911946414639,0.10926984637493917,255,178,50
12.945647846065658,77.54531827448388,0.08007863416338924,255,183,50
12.87964691382656,77.64134022965142,0.19391459776334494,255,161,50
13.097332269607534,77.5551634687785,0.3002078334402561,255,139,50
13.012235372394434,77.6620852275211,0.024026504968590413,255,195,50
13.067135668727632,77.59355804721929,0.10056987432597686,255,179,50
13.066517932101835,77.65437254192173,0.31440886272609736,255,137,50
12.963344389303336,77.6726177179046,0.11258580537325395,255,177,50
12.994294309112007,77.55963284429382,0.11036599229334358,255,177,50
12.945376486083616,77.57294922087486,0.0414987183443415,255,191,50
12.893501719119229,77.61109622113547,0.03438044174484948,255,193,50
13.01699454944098,77.7257056262014,0.34818911748126646,255,130,50
13.06210116155925,77.55480053311531,0.13472134629279292,255,173,50
12.952787030031775,77.64487250384802,0.021282498491602037,255,195,50
12.911572991449255,77.69969357452341,0.1346615474925207,255,173,50
12.864450585436849,77.53344656902436,0.0484100855572177,255,190,50
13.10208588760334,77.62157388926704,0.16645589651795453,255,166,50
13.059662834649442,77.52712870054248,0.2789309207461182,255,144,50
13.054323455864278,77.5187804439412,0.15581934337602363,255,168,50
13.065137151714564,77.52165486633088,0.22676629200474654,255,154,50
13.113094009213563,77.6050997230058,0.09111589519644964,255,181,50
13.084027047821703,77.53014177887104,0.012179964738871911,255,197,50
12.927717216707848,77.71091862244185,0.12826894721916568,255,174,50
13.010500244253635,77.56532724753838,0.07366653407387996,255,185,50
13.005657853736965,77.77256382442766,0.47157973168907036,255,105,50
12.912801061527988,77.57814128925762,0.040091278720226456,255,191,50
12.915209337705345,77.60855866182801,0.004687088597813369,255,199,50
13.021612672341217,77.53779930488575,0.10884538502003263,255,178,50
13.032588277050705,77.52408918049396,0.09847198933637484,255,180,50
13.042072294926381,77.65963994222089,0.1043824958654523,255,179,50
12.973435469080794,77.74457339902203,0.1220289423860924,255,175,50
13.129269659245017,77.61356615624355,0.2895451406539662,255,142,50
12.943471548670377,77.4900275927641,0.06644715935455936,255,186,50
12.983670739133657,77.5374134749324,0.05212055427279345,255,189,50
12.94893157763607,77.75535686335107,0.24202482659106303,255,151,50
12.928814546141043,77.60317378701075,0.0,255,200,50
12.94742323118589,77.639289432517,0.15205952005071088,255,169,50
12.883071730811166,77.56954875271606,0.08104439964489328,255,183,50
12.957953030126843,77.6697968801884,0.16082048687345235,255,167,50
12.899114137087363,77.59181501877694,0.06952943546150345,255,186,50
13.11585988055243,77.59959848765114,0.03038229965540625,255,193,50
12.901242538583352,77.64985492528703,0.06250509936380781,255,187,50
13.078114207033796,77.57984883096408,0.15823427537398962,255,168,50
12.913367295586555,77.5201233400081,0.025892321876578184,255,194,50
12.99158421563421,77.5596050675685,0.09858358251534105,255,180,50
13.034945636496477,77.5600502509591,0.1844043956864732,255,163,50
13.04835888346105,77.57401078090298,0.0965078894326232,255,180,50
12.97052104353642,77.4958240788296,0.06489469465365959,255,187,50
13.08082423922978,77.57987702023172,0.06418812319548971,255,187,50
13.039334012191823,77.66237487813324,0.07569535499770097,255,184,50
12.932445192021824,77.50926153549692,0.12502128580299188,255,174,50
12.938325536923216,77.73313695185784,0.017608824750329113,255,196,50
12.880818328374168,77.52256014993092,0.4339705968548282,255,113,50
12.990528079797306,77.66461733986569,0.06774027871739126,255,186,50
12.975969618678555,77.7611811110537,0.07089920027222814,255,185,50
13.039588697521598,77.63749948012183,0.20394225952966497,255,159,50
12.8478133875961,77.57195195719758,0.15201375192117778,255,169,50
13.06470167271703,77.56588606178497,0.00978261604545502,255,198,50
12.965259074161299,77.47918922989261,0.1704661938543531,255,165,50
13.03679416963239,77.64576252367499,0.30347379051621115,255,139,50
13.110606835504457,77.58295239873323,0.07988759276582721,255,184,50
13.005567161329223,77.51552318492736,0.13268066932008302,255,173,50
13.067218799194196,77.58526492045475,0.10006186495128812,255,179,50
12.954670737743545,77.72502580678409,0.07659329077332525,255,184,50
12.886291916355358,77.51708936692165,0.213327534032368,255,157,50
12.879563181617051,77.64962677065131,0.08351632165226151,255,183,50
13.107869076024178,77.58568894985521,0.13217685682531272,255,173,50
13.006358159087812,77.70624323708718,0.1370444947441362,255,172,50
12.858326562714423,77.60520726297749,0.03314672830355141,255,193,50
12.980771033184048,77.55673053794426,0.15282320107533692,255,169,50
13.0784709089425,77.54390955858379,0.19518419757696442,255,160,50
13.055450460062483,77.6763693206412,0.19592853067357405,255,160,50
13.077583896103215,77.63237352397225,0.11106354230288067,255,177,50
13.08845176749285,77.62972408913379,0.08217644765126132,255,183,50
12.868555385432467,77.66608504513981,0.14648626356089595,255,170,50
13.02405062479286,77.56546671428968,0.17101077258650071,255,165,50
12.941122038983677,77.7248784889841,0.10254683599654402,255,179,50
13.054107082353502,77.54089532943046,0.21607450136298736,255,156,50
12.989984134447331,77.71711995034512,0.10466059860947242,255,179,50
13.006957057505083,77.64820957428695,0.1343424633998427,255,173,50
12.910922161285493,77.49246790659012,0.049808453930957765,255,190,50
13.010059113314156,77.60954721923096,0.23699169428439537,255,152,50
12.901437845958753,77.6305179119489,0.12515679734156884,255,174,50
12.874860013214855,77.57775272264062,0.014205005297628715,255,197,50
13.023357307719282,77.63456344537181,0.0982131490750805,255,180,50
13.064230701171297,77.61287993390296,0.0618648080253665,255,187,50
12.915620000517817,77.56711814815834,0.10623500930395245,255,178,50
12.98415169650082,77.48766834425312,0.03420722095235358,255,193,50
12.912026089332139,77.65549419877112,0.09347487679593502,255,181,50
13.080124097158553,77.64898872738674,0.17178594899371585,255,165,50
13.015171305868037,77.640004883383,0.0222103755473143,255,195,50
12.91545652247251,77.58369452520903,0.1206678852548903,255,175,50
12.90364259450332,77.68026989029778,0.16558314093263427,255,166,50
13.113149898141046,77.59957000425891,0.006372767739127088,255,198,50
12.992282432370583,77.48774930435097,0.07695578143872442,255,184,50
12.949337832714065,77.71667853569286,0.019156128129757814,255,196,50
13.062019040058136,77.56309368853911,0.0008508218700968763,255,199,50
12.9419753764289,77.6419952480424,0.2996853201382666,255,140,50
13.096666011732703,77.62151651018053,0.09245356065910915,255,181,50
12.996509192164622,77.60940551552714,0.04869295618874128,255,190,50
12.88851903424921,77.56684159789971,0.06922703762437173,255,186,50
13.006415754772211,77.70071634708829,0.10501111084374043,255,178,50
13.073321563158338,77.51620826906239,0.249282686159305,255,150,50
12.890625763372206,77.62764227533712,0.2806362996134152,255,143,50
12.939709719280726,77.59776037754405,0.049428393160881906,255,190,50
12.932471758559059,77.5064984745142,0.11247345672808591,255,177,50
12.89133732443275,77.55581924900255,0.09804541708303079,255,180,50
13.080180787776408,77.64345993947038,0.05100171281956084,255,189,50
13.004860556712124,77.58738121546266,0.17078035760348334,255,165,50
12.929934677068452,77.75791094636729,0.36327887090098376,255,127,50
12.888464776071473,77.57236648856907,0.12276533680439461,255,175,50
12.87120899436075,77.67163776534673,0.30236527127695695,255,139,50
12.935181976107858,77.50652554726584,0.18628002670692514,255,162,50
12.87975814989369,77.63029141754721,0.05483655261957658,255,189,50
13.019331725767367,77.49354768298666,0.24823898552468768,255,150,50
13.010031292973332,77.61231091317414,0.15087731152774814,255,169,50
13.085713649836274,77.63245982819336,0.05555511587457589,255,188,50
13.023469473321295,77.62350823794706,0.09660249730545915,255,180,50
12.998372522902175,77.69233824664636,0.1987961720288522,255,160,50
13.059985056782088,77.49395512949769,0.07247993041231865,255,185,50
12.845532599969891,77.52773212067132,0.4820276851908807,255,103,50
12.926378691067068,77.57551751861205,0.034236229622947166,255,193,50
12.890290717830391,77.66078990023095,0.09310681540022207,255,181,50
13.056571474387983,77.56580207858342,0.08339937628918188,255,183,50
12.934372104893248,77.58941555935976,0.018843988689653816,255,196,50
12.874393639214722,77.6247105321686,0.12472751185904052,255,175,50
12.95436532924975,77.48460861324348,0.13228309436411645,255,173,50
13.135024751227766,77.58044214051354,0.07685439957939086,255,184,50
12.94682901082801,77.69730971419665,0.13153750321844587,255,173,50
12.888491919705226,77.56960404638993,0.06347446818677345,255,187,50
12.953669980632496,77.55645366716428,0.015014887810918762,255,196,50
12.95881737235676,77.5841411756321,0.09536998614059644,255,180,50
12.85827162168537,77.61073132425958,0.1304120743616632,255,173,50
13.041986939965366,77.66793173358504,0.09962429737573553,255,180,50
12.869897630823191,77.53073868233737,0.044804585793713034,255,191,50
12.904341728018638,77.61120871511154,0.006029044267133073,255,198,50
13.040146128078304,77.58221894235821,0.036321902241268286,255,192,50
12.914453618110848,77.68314793715739,0.05364968810598159,255,189,50
13.062183017593483,77.54650732106977,0.1515856646763712,255,169,50
12.931496970892614,77.60596473613619,0.11665091184776148,255,176,50
12.975621075899468,77.52904050942945,0.016366600981354867,255,196,50
12.963202139494525,77.68643283397074,0.15767832959598457,255,168,50
13.05982447662459,77.51054202630299,0.08244713059546538,255,183,50
13.01074507581607,77.54045280155853,0.08487339973331294,255,183,50
12.995258665768379,77.73099529553568,0.02282935137518543,255,195,50
12.948759626411595,77.50389775759129,0.2522015742407345,255,149,50
12.898866487875821,77.61667737953533,0.20485886180638985,255,159,50
12.89984293511471,77.51722486211813,0.12178673937327987,255,175,50
12.97485699901064,77.60641581177165,0.07171265955747493,255,185,50
12.904369314793094,77.60844618401217,0.03400021343831055,255,193,50
12.967274763524237,77.55106533238528,0.17613165516026155,255,164,50
12.853716347964989,77.52228915476366,0.2547878912650912,255,149,50
12.97231263016168,77.58980774667222,0.0,255,200,50
13.05944566041434,77.5492439174477,0.04545591079967899,255,190,50
13.030012426591334,77.51024111408347,0.17322511454520997,255,165,50
13.023074835857514,77.66220100914944,0.09823523778955275,255,180,50
12.978196450295092,77.54288544935908,0.10311791860536251,255,179,50
12.956623076178298,77.53161209061334,0.042233940308446766,255,191,50
12.89590654450497,77.64151077306883,0.12864925838739888,255,174,50
12.861363865855816,77.5720899764434,0.15196967314730833,255,169,50
12.845184351006992,77.56363844737206,0.3848182402958766,255,123,50
12.95763957249018,77.70018933417194,0.22745377281576984,255,154,50
13.108117671440672,77.56080515670668,0.041636155815058494,255,191,50
12.918653971423963,77.53399204735175,0.1724530525405392,255,165,50
13.053446642566191,77.60723756954714,0.04129175249887013,255,191,50
12.939737237859125,77.5949974279819,0.04075828795000143,255,191,50
12.986914807150265,77.48216790518637,0.166032203807589,255,166,50
12.956107323899595,77.58411321234409,0.07564471896411401,255,184,50
12.896540627105608,77.57797460873668,0.002306159345608106,255,199,50
13.020364970934326,77.66217205391649,0.13526683486090463,255,172,50
12.981768088114945,77.72532094480327,0.23826037855054166,255,152,50
12.916791936102737,77.71908891012143,0.011474025221115776,255,197,50
12.880334509494492,77.57228346860896,0.20658124966382188,255,158,50
12.95786789257468,77.67808581041363,0.22182196708988602,255,155,50
12.939488519237617,77.61986374361439,0.0,255,200,50
13.084081209862598,77.52461238271445,0.16803618845772159,255,166,50
12.908863186931004,77.69966447189512,0.062420402490012176,255,187,50
12.927183658972892,77.49262924788948,0.0623174003060322,255,187,50
13.013778015863057,77.50731333833687,0.2515845738045295,255,149,50
12.940495898857227,77.51763227543833,0.07183680220216855,255,185,50
12.914196990590005,77.70800996765217,0.3128349972966819,255,137,50
12.868583475150915,77.66332302885598,0.07148810848876451,255,185,50
13.069199380346342,77.65716576898662,0.2986915410001139,255,140,50
13.065191055500652,77.51612585454566,0.15624096677857968,255,168,50
13.091747209247922,77.57169580529131,0.060460816015142145,255,187,50
13.040960191210074,77.49929338528543,0.09728346352708833,255,180,50
12.95862465518321,77.60348332722937,0.0783775953557264,255,184,50
13.027515556684259,77.48810076804403,0.15776477016695212,255,168,50
13.022789424458432,77.68983791781228,0.1369860736691421,255,172,50
12.928031212632986,77.68053006191236,0.1080007139008604,255,178,50
12.904258792958482,77.6194962698956,0.044883090720193385,255,191,50
13.086682892464601,77.53569886980785,0.0854321190308348,255,182,50
12.91304530730274,77.5532767922624,0.13455176205828465,255,173,50
12.959573906239722,77.50676947930805,0.015405630848476072,255,196,50
13.110439915099892,77.59954152727293,0.012929531011033104,255,197,50
13.044553909888403,77.68178047225929,0.06795371650551825,255,186,50
12.91213819837892,77.64444409280162,0.018204729832718796,255,196,50
12.937759010713762,77.52036816705423,0.021325707948430223,255,195,50
13.070286061987595,77.54935521078437,0.08321478294266245,255,183,50
12.924420574962154,77.49812834112893,0.12199987385202299,255,175,50
12.94003801448781,77.56460456332753,0.0657821975598332,255,186,50
12.855753353910268,77.59136918082264,0.06827266435721653,255,186,50
12.90992688418371,77.59468936170322,0.09964576234316722,255,180,50
13.008464233075914,77.49620319164423,0.3010643499660426,255,139,50
13.026623476264566,77.57931444183207,0.05607526169612185,255,188,50
12.913658763777399,77.48973189184673,0.14705840381322086,255,170,50
13.016354196081593,77.52116046885274,0.07933474690170347,255,184,50
12.988406975069491,77.60655710934631,0.18509857038162458,255,162,50
13.118653509387336,77.59133217000839,0.007460112809561556,255,198,50
12.866152820158971,77.63567419142731,0.1621360909639675,255,167,50
12.992952916258085,77.69227980267283,0.11190997508232295,255,177,50
12.967463712313718,77.53172171458772,0.0801392652588357,255,183,50
12.987761466673385,77.67011507634504,0.012505193295699327,255,197,50
12.97830433852647,77.5318314381729,0.031093760953164754,255,193,50
12.932760967653143,77.74689065182048,0.0013700591194826894,255,199,50
12.889002121339477,77.51711645359525,0.12178444159960865,255,175,50
12.998995985011478,77.63154225674185,0.11369739201041885,255,177,50
12.94030838069813,77.5369740242426,0.12277627988255481,255,175,50
12.977594685336435,77.60368071059159,0.0,255,200,50
13.057006673132085,77.52157232707305,0.19249822355282104,255,161,50
12.84274249543513,77.53599109508106,0.5215143337407928,255,95,50
13.061183226236274,77.64602208827206,0.13050504076442573,255,173,50
13.009582173480997,77.65652913752255,0.061973463179539987,255,187,50
13.015673080934075,77.59025748925954,0.18970917442168717,255,162,50
12.897423501253613,77.48680819489428,0.5437846685741716,255,91,50
12.868807147616776,77.64122666376217,0.0508191319778044,255,189,50
13.102504474200261,77.58010276316986,0.05044750732337538,255,189,50
13.008602836478458,77.75048727419644,0.10260879185573445,255,179,50
12.912581972257119,77.60024263378605,0.03549075763316959,255,192,50
12.867000011401204,77.55004741042305,0.1571219116386006,255,168,50
13.005833646431466,77.48788436025399,0.12175136085466874,255,175,50
13.01369771008489,77.51560519067043,0.1347111792441778,255,173,50
12.923614030926803,77.58101534548133,0.011524022703349157,255,197,50
12.895878626461554,77.6442731377367,0.039471433376126075,255,192,50
13.047970905050283,77.61270895757224,0.12014385267472452,255,175,50
12.98473747667827,77.70048185348614,0.08421474107707602,255,183,50
13.04274559533625,77.59330350554033,0.002506624683041251,255,199,50
12.871766554517224,77.6163958725007,0.07855906512118147,255,184,50
12.92021194325,77.65005490230249,0.07846874091795553,255,184,50
13.077612072952787,77.62960912438827,0.20461403802308994,255,159,50
13.113316854236894,77.58298069448593,0.11897852641257857,255,176,50
12.979375255344797,77.6948969778752,0.06101809972676194,255,187,50
13.069341206706069,77.64334445027853,0.17883042239950292,255,164,50
12.94778462424455,77.60337067756173,0.07654810208431871,255,184,50
12.972586334504033,77.56217419654968,0.009389203607409333,255,198,50
13.014342869519608,77.72014901891075,0.17642202313951752,255,164,50
13.035379146076954,77.51582414505664,0.18455309633701772,255,163,50
12.847759190235317,77.5774759346765,0.15489264575725056,255,169,50
12.842474235221617,77.56361095738754,0.4507853140770456,255,109,50
12.970725778905127,77.74454366627839,0.10808376704213567,255,178,50
12.915755430510016,77.55330432709647,0.1253751051061483,255,174,50
12.917808700121025,77.61963747720567,0.03610359549192642,255,192,50
12.88591707799209,77.5557642392017,0.07778870445140054,255,184,50
13.011921528504763,77.69248447248195,0.17050245304527292,255,165,50
13.022645616533941,77.70365612435747,0.14974256398633534,255,170,50
12.94394710177142,77.71385706551624,0.21725548834995836,255,156,50
13.070231426654217,77.55488419310329,0.05827775426726601,255,188,50
12.906746285854805,77.64162459843399,0.031896248356106584,255,193,50
12.977260473593134,77.63684046054199,0.050450544699971386,255,189,50
13.054025455876758,77.54918830844508,0.11540750306872716,255,176,50
12.928565254996972,77.62803885803773,0.003808670918125302,255,199,50
12.911372415943747,77.71903026917653,0.18205652608646,255,163,50
12.875688840265882,77.49211909001849,0.45511727231081517,255,108,50
12.923695866880644,77.57272689889649,0.10940258463076202,255,178,50
13.038329912003618,77.49097338891865,0.3121085630148456,255,137,50
12.863636562421132,77.61631154567445,0.11604902764636021,255,176,50
12.968792470370913,77.6699124959716,0.11237113853231656,255,177,50
13.05858628463045,77.63493655681575,0.24871191515236804,255,150,50
12.951757930039731,77.7443357259922,0.06618319940044722,255,186,50
12.885863064274991,77.56128912095816,0.010506011494767174,255,197,50
13.012935436750345,77.59299310125762,0.22912611768645977,255,154,50
12.989459056541909,77.76685704100358,0.32910599175213023,255,134,50
13.032829557518511,77.49921173424963,0.017010518123165973,255,196,50
12.951641247618056,77.75538666126494,0.24044294925048146,255,151,50
12.942281680884378,77.61160325239312,0.13864462308068412,255,172,50
12.94841191235715,77.53981947106074,0.1406597361677229,255,171,50
12.916560859005745,77.74118806398212,0.16528858012967265,255,166,50
12.992388090112632,77.47669420135848,0.2990964930705345,255,140,50
12.954583864636017,77.73331424913425,0.12349053963947079,255,175,50
12.928869623192098,77.59764814512883,0.04927222797447841,255,190,50
13.094291259422844,77.58831213073049,0.0028283992192803848,255,199,50
13.065217963133376,77.51336133935477,0.18067531817065838,255,163,50
13.132063789219991,77.60529966454048,0.3761334615640643,255,124,50
13.050484676082787,77.63208626460042,0.23039415280808814,255,153,50
13.03120442685502,77.66228791415656,0.1037648855641039,255,179,50
12.914368337852094,77.69143534022452,0.046215917088316016,255,190,50
12.991089219329233,77.609348878981,0.06288759785708427,255,187,50
12.935932581946872,77.7027184690745,0.1367412084029044,255,172,50
12.872420289904769,77.55010221394524,0.06040969749702852,255,187,50
12.883448523324725,77.53087473266069,0.2773160863164933,255,144,50
12.980442726844826,77.58989194917896,0.055820806612470214,255,188,50
12.882132938037804,77.66346618676526,0.07561142266019857,255,184,50
12.882551254025357,77.62203294094307,0.14417852805926049,255,171,50
12.93918131737171,77.65025519836713,0.12263086960721721,255,175,50
13.061041343687082,77.65984292309273,0.10712045383248747,255,178,50
12.995834126286262,77.67572879113408,0.007726889841536784,255,198,50
12.864046840060798,77.57487976853656,0.16028382250109155,255,167,50
13.005860133407195,77.48512044400539,0.09635350418345624,255,180,50
12.924578732605267,77.4815502713662,0.08644560752922556,255,182,50
12.986622599449678,77.51256840954451,0.11858620588928412,255,176,50
12.842528119138,77.55808703504627,0.5915729194092743,255,81,50
13.002948234425476,77.77253371148217,0.42372060952807644,255,115,50
12.921922190616971,77.7467720471072,0.22645599608746003,255,154,50
12.938671002220872,77.69998496562002,0.1634745153492238,255,167,50
12.929972975737092,77.48436693694809,0.09192699136814717,255,181,50
13.053222723420989,77.62935083255573,0.17761054849689006,255,164,50
12.9814678855954,77.4848777228166,0.010862492610473748,255,197,50
12.944963967049006,77.61439445246899,0.12591672487126454,255,174,50
13.027568592524533,77.4825724498002,0.039860124114074795,255,192,50
12.905210058088862,77.52280457525427,0.14804020633734447,255,170,50
13.089064712632892,77.56890302001499,0.15052565074991162,255,169,50
13.054052694180712,77.54642398837458,0.17488639798683697,255,165,50
12.91089578651479,77.49523076039836,0.04741965968287941,255,190,50
13.058614448693158,77.63217237435713,0.20906849374776607,255,158,50
12.858653771437734,77.57206235996637,0.0684776936187434,255,186,50
12.949595972665836,77.69181320421102,0.011358033235376071,255,197,50
12.9559146483827,77.60345515521207,0.02358047900822238,255,195,50
12.889108193882986,77.50606614810695,0.3526096774320229,255,129,50
12.995316739695221,77.72546876510918,0.02619790502343245,255,194,50
13.058866598567949,77.60729444140028,0.15756218621000345,255,168,50
12.93417935387905,77.60875574476698,0.047935327080578675,255,190,50
13.059088726884527,77.58518028650924,0.11020515772946726,255,177,50
12.938092891413183,77.75523773941295,0.34003004839997064,255,131,50
13.096973494516806,77.59110515565993,0.0786658710824766,255,184,50
13.01254566250422,77.63168519003611,0.08264764677444722,255,183,50
13.008894399745312,77.72285332814347,0.2879828027291223,255,142,50
12.983344824128741,77.57057577441557,0.11897763253587504,255,176,50
12.909595524420343,77.6278404085216,0.10141280315411781,255,179,50
12.986782425351077,77.49598640838943,0.13373697906311632,255,173,50
13.031119057004593,77.67057932572409,0.0795841819684492,255,184,50
13.053806488264705,77.5713026424762,0.0863087809562066,255,182,50
12.98465118805818,77.70877146082528,0.12265008354052837,255,175,50
12.89827947054737,77.67468752149742,0.08424982100292565,255,183,50
13.029498134840088,77.5627585331665,0.0075603175751392795,255,198,50
12.982764316932156,77.62860760072729,0.054422988662432274,255,189,50
13.01528363411539,77.62895008740459,0.0970150367282709,255,180,50
12.992139235944588,77.76965019739494,0.34452277495950184,255,131,50
13.029223189014148,77.59039836838328,0.0026114983929715375,255,199,50
12.918002017074786,77.60029872005515,0.06015862732000491,255,187,50
13.105047829282652,77.59671981412588,0.0,255,200,50
12.90198800575389,77.57526756571696,0.01807920023561056,255,196,50
12.989400128376738,77.77238324904373,0.4752335604413407,255,104,50
13.017484284800094,77.67872496985821,0.18430631176672355,255,163,50
12.882935780848646,77.58336060395494,0.11233170872300717,255,177,50
12.981388490786134,77.49316864538117,0.09167194457964628,255,181,50
12.92585529535324,77.62801048873528,0.06625753844799429,255,186,50
12.877813649353786,77.55291941018012,0.08064120468846102,255,183,50
13.01407020746983,77.47690940607276,0.28669956997413754,255,142,50
13.028579650640038,77.65396755871322,0.19416923852669835,255,161,50
13.05987812132676,77.50501308535836,0.03742226229085856,255,192,50
12.855916574513586,77.57479683037363,0.051106641348426615,255,189,50
12.901631726724784,77.6111805819966,0.09788386779249535,255,180,50
13.080713456956895,77.59093516302993,0.11418740680535372,255,177,50
12.91647415661817,77.47870700456167,0.07059845934265767,255,185,50
12.95887217113813,77.5786147893221,0.062326638173979126,255,187,50
13.09166436173831,77.57998984085255,0.08182747824370822,255,183,50
12.951095099026528,77.54261013347602,0.10785707609300478,255,178,50
12.842501191671454,77.56084899935955,0.5174305840039942,255,96,50
13.003017186139433,77.49891282075876,0.4141912025189358,255,117,50
12.979346592750312,77.69766014050678,0.04245179165294915,255,191,50
12.910842949527975,77.50075644961525,0.22737552971353522,255,154,50
13.049037338530434,77.50490381675755,0.018030344872185734,255,196,50
12.975269181929264,77.56496537241098,0.07893196435581416,255,184,50
12.930598737276986,77.69437223289488,0.028168593232725386,255,194,50
12.964834075708922,77.52340417336238,0.010062998116272441,255,197,50
13.028777157228403,77.6346207757969,0.08797996200950411,255,182,50
13.020815417868796,77.61795211984635,0.2933730259415189,255,141,50
12.959945215521882,77.73889911584095,0.14699308384189286,255,170,50
12.858707899959924,77.56653812074947,0.22234676926104854,255,155,50
12.926622939103074,77.5506516271846,0.08874263012421879,255,182,50
13.023497441222908,77.62074441993335,0.1843245129242927,255,163,50
12.957148179206495,77.74715790731645,0.10323110773666405,255,179,50
12.995403630649886,77.71717891920974,0.1045334647819375,255,179,50
12.962944246902504,77.71129962623058,0.049787544054245965,255,190,50
13.004247158351498,77.64818080801898,0.22329622324879753,255,155,50
12.980110200946456,77.62305244319357,0.10823778478127952,255,178,50
12.996785482368296,77.58176972075096,0.08800640935280835,255,182,50
12.902096639996888,77.56421719108012,0.041860116505041976,255,191,50
13.088536193201767,77.621430489989,0.08244224031466382,255,183,50
12.963710815869458,77.63669764946627,0.01697648672019082,255,196,50
13.121612903067026,77.56647553702744,0.14322439372407822,255,171,50
12.91357962230164,77.49802054240965,0.14722175611189411,255,170,50
12.94901911435063,77.74706876138818,0.0609782919601826,255,187,50
12.980960596384808,77.5373859624693,0.030719644689047525,255,193,50
12.971643792661792,77.6561256556829,0.052942109511937466,255,189,50
12.946886158359588,77.69178409806145,0.008835927539896789,255,198,50
13.013346662263142,77.55153590462179,0.05749905415910414,255,188,50
12.978142330369398,77.54841241745484,0.1059397143402073,255,178,50
12.91044295592857,77.54219833158204,0.18029871229734507,255,163,50
13.000678096951276,77.73105459020849,0.0009266533149277445,255,199,50
12.855970749277965,77.56927266291964,0.12347297131106297,255,175,50
13.04500852739739,77.63755694841731,0.20661757705193148,255,158,50
12.92436762230556,77.5036543153411,0.1117792954461083,255,177,50
12.994907759086479,77.76415391196218,0.13694577180456324,255,172,50
13.058331481468032,77.65981390618062,0.17169789672259805,255,165,50
13.042938779749008,77.5739546813429,0.09335796247812135,255,181,50
12.970403289853705,77.77493577277099,0.5774549619480184,255,84,50
12.986353877075537,77.5402045829743,0.047279391027710296,255,190,50
13.040826354538778,77.51311470097332,0.0,255,200,50
13.018438280800977,77.58475797596172,0.20068757806858956,255,159,50
12.897475989761931,77.48128274142753,0.49980219292171835,255,100,50
12.945889571297245,77.52044988756896,0.027549954945316608,255,194,50
12.881056705189081,77.49769773542076,0.285924450308723,255,142,50
12.965189588079294,77.7555357524278,0.3108185866279341,255,137,50
12.978561632155737,77.77226300181862,0.4370770380329957,255,112,50
13.03690692678497,77.63470682006566,0.19390288246720966,255,161,50
12.947701664197108,77.61165971754683,0.16776302850983824,255,166,50
12.964967692763564,77.50958717286208,0.00028678554083087294,255,199,50
12.911997989227435,77.65825670897108,0.18583231699957403,255,162,50
13.020647382023672,77.63453478988446,0.13080361053021955,255,173,50
12.936999696191055,77.59773230986364,0.13009930327836453,255,173,50
12.952248614088594,77.69736805226933,0.1654407773360601,255,166,50
12.956434290657098,77.55095487303545,0.13484403117918464,255,173,50
12.96288661567425,77.71682550691894,0.023515517818445623,255,195,50
12.913313922380045,77.52564897762139,0.04766728911898571,255,190,50
13.040173690480115,77.57945484827555,0.05637744464735807,255,188,50
12.950189094152437,77.63379202177006,0.019940200128195886,255,196,50
12.926104532495938,77.60314568538048,0.05756925425798557,255,188,50
12.919415241149252,77.72740556272083,0.10585107610418516,255,178,50
13.04039312972425,77.5573418675935,0.029171835409145076,255,194,50
13.05968984871316,77.52436427035407,0.25393838440012767,255,149,50
12.892944352423322,77.6663431136834,0.05503290248125053,255,188,50
12.978438539502838,77.51801378413427,0.13980993802947167,255,172,50
12.925462896579422,77.66668803021886,0.037376553527033216,255,192,50
12.970120019180404,77.53727597502201,0.05906112960178879,255,188,50
12.941919304993474,77.64752098128048,0.1143006980895904,255,177,50
12.905448901334934,77.49793975782049,0.2490908908923267,255,150,50
13.096440140470177,77.64363336858943,0.2541919545169203,255,149,50
12.923504507933554,77.59206651876973,0.0528405228243202,255,189,50
13.102170137462881,77.61327977958021,0.2201685722658336,255,155,50
12.929494618985348,77.53410144181454,0.14470873248110278,255,171,50
12.925827456474856,77.6307732124651,0.09895981872826674,255,180,50
12.987071360673061,77.73643272812568,0.03803626113694745,255,192,50
13.083699593484848,77.56331763035232,0.01809405774578612,255,196,50
12.909678757688106,77.61955273351295,0.11125426853728129,255,177,50
12.987733049316002,77.6728783880061,0.07014359911315171,255,185,50
13.008778126698827,77.73390698732624,0.23589818427387169,255,152,50
12.902526517254545,77.5200146889979,0.19832442529627656,255,160,50
13.105352579777646,77.56630683100622,0.10518252558371823,255,178,50
13.040879977560433,77.50758619321141,0.09977542678090558,255,180,50
13.047435127984578,77.66522589160627,0.054579187083090314,255,189,50
12.999632601770815,77.56797946385817,0.0739289207764616,255,185,50
13.004639146730206,77.60949051848975,0.10996071589139576,255,178,50
13.010472893868176,77.56809104339884,0.02048153024675789,255,195,50
12.975861794471959,77.50416883378105,0.022370379754606467,255,195,50
13.075514436606543,77.56876264455872,0.062139278859859336,255,187,50
12.964699726854525,77.53722101873696,0.015498108366839307,255,196,50
13.110384038120134,77.60507118561138,0.04852163011061482,255,190,50
12.950522233782229,77.60063577444507,0.09563292809124395,255,180,50
13.005378874356754,77.53486999432604,0.10285612548470201,255,179,50
12.960032301643496,77.73061053495492,0.004731748317093257,255,199,50
12.969903445412564,77.55938308040736,0.11086923549482801,255,177,50
12.996201884387704,77.63980414812497,0.1829907212079035,255,163,50
12.883898394056775,77.48391178653372,0.7612024940146543,255,47,50
13.112869269093997,77.62721834065714,0.0007440893339121337,255,199,50
12.957753966455838,77.68913762517838,0.08280357998598357,255,183,50
13.10770201371222,77.60227785887082,0.0680410757131681,255,186,50
12.918787681049684,77.52017770266495,0.002977297549299953,255,199,50
12.864423872325265,77.53620882611932,0.002282778088613381,255,199,50
12.869817456603833,77.5390256312071,0.18755981996205076,255,162,50
13.005727404823409,77.49893996396354,0.4188569174872939,255,116,50
13.015086751202064,77.64829591218356,0.13243108176516122,255,173,50
12.92691825461302,77.5202592930971,0.043470042279887496,255,191,50
12.99225594458635,77.49051306481576,0.062357588112439355,255,187,50
12.850387744052648,77.5857895923988,0.13539641606030103,255,172,50
12.910736925781183,77.51180775426118,0.07230289815035017,255,185,50
13.010717989815674,77.54321665398476,0.009147883009184314,255,198,50
12.98602753991614,77.57336716572259,0.10162271495917347,255,179,50
12.944629218538717,77.64754959779148,0.1257368768486071,255,174,50
12.921842180132922,77.48428648810348,0.037164323853272285,255,192,50
13.04551096067804,77.58780349867021,0.1025917991918937,255,179,50
12.955581013737572,77.63661204061636,0.12497379222377979,255,175,50
12.940362103387374,77.53144784137695,0.16683274239370086,255,166,50
13.093843397898889,77.63254619077358,0.07802811685652612,255,184,50
12.94479711867431,77.63097214153355,0.185049451251765,255,162,50
13.055819962639388,77.64043610233747,0.12435622788190458,255,175,50
12.88902868311949,77.51435388648005,0.12646286512130078,255,174,50
13.01572824605883,77.5847298728228,0.10916264216560588,255,178,50
13.089009581457631,77.57443233577379,0.1776301870609498,255,164,50
13.001509045324546,77.65091556180678,0.21475471393441392,255,157,50
12.973098304027921,77.50966872103277,0.04754683976392026,255,190,50
13.000736195916028,77.72552794015397,0.05704980238322682,255,188,50
13.070422133786895,77.5355326452284,0.05924681393567508,255,188,50
13.022413995566808,77.72576490853083,0.3484130156487376,255,130,50
12.915809398425322,77.54777875470836,0.168121657315306,255,166,50
12.99352004222382,77.63701204782222,0.2827711227449114,255,143,50
12.984332540316103,77.73916617340724,0.047958004660903,255,190,50
12.956542343604264,77.53990189199031,0.10070035585527146,255,179,50
12.86174040966538,77.53341936044187,0.007388082072017999,255,198,50
12.961636924407086,77.57311622798586,0.05198095236235786,255,189,50
12.869950935054117,77.52521401867567,0.05812735133963845,255,188,50
12.990385962364742,77.6784340475888,0.058413546304055326,255,188,50
12.899059307709143,77.59734003257336,0.12196702745207598,255,175,50
12.915401796576125,77.58921993351288,0.030360483734575682,255,193,50
12.964044666915163,77.60353969046672,0.04052525729023063,255,191,50
12.9915296853111,77.56513225919007,0.1341399739247176,255,173,50
13.016083954187732,77.54879974827637,0.042326955172665305,255,191,50
13.010390666465673,77.57638239303918,0.03241072848943426,255,193,50
12.86924891720505,77.59703269199956,0.09800825301114588,255,180,50
13.004694675375204,77.60396323111745,0.0010694732921822366,255,199,50
13.029084612969212,77.60421804733275,0.1334771088161774,255,173,50
13.06800870188153,77.50509510158032,0.10009563969812885,255,179,50
13.007625658784788,77.58188187367035,0.04156157657664404,255,191,50
13.113009953741534,77.61339425296049,0.08273758715093221,255,183,50
13.102587392666507,77.57180836556829,0.004040916449775706,255,199,50
12.881083046112186,77.4949352141583,0.37383540615383637,255,125,50
13.04627355413211,77.51040515531139,0.09969692092099085,255,180,50
13.121419136876396,77.58583061151363,0.0654723903293087,255,186,50
12.881135640720993,77.48941015325775,0.5557377525735412,255,88,50
13.078687936868318,77.5217925559685,0.11185421392939708,255,177,50
13.011280626105746,77.48517444930334,0.0,255,200,50
13.01183531800175,77.70077503692163,0.06904493901131832,255,186,50
13.099488199940357,77.61048649139326,0.19366385945654505,255,161,50
12.956461347769586,77.54819163716493,0.16937510150153184,255,166,50
12.9971673592324,77.54307854257519,0.030470464727543434,255,193,50
12.96796934149587,77.47921607808968,0.2049941482861779,255,159,50
12.868973682404036,77.62465411740095,0.15428639991146503,255,169,50
13.014545098671745,77.70080439180511,0.03398654409825352,255,193,50
12.988156231747016,77.63142802663239,0.26474201808845255,255,147,50
13.003096894224889,77.49062121701216,0.16359570096251805,255,167,50
12.915916984388273,77.53672753486421,0.056734590126546004,255,188,50
13.047406634652624,77.6679898755629,0.04619567194087298,255,190,50
12.931358591736915,77.61977884542696,0.05221650343432346,255,189,50
13.02383076273631,77.5875781026497,0.036987916844330296,255,192,50
12.947590641664325,77.62271168095155,0.08965020828357746,255,182,50
12.9300512743365,77.74686099051848,0.0,255,200,50
13.037819204270416,77.543493346192,0.18245428104425163,255,163,50
12.842230322975748,77.58846829568684,0.08759495795013678,255,182,50
12.999330069702593,77.59837948249093,0.050272107929218934,255,189,50
12.901298486256655,77.64433009677612,0.08956513499184918,255,182,50
13.007265599196886,77.61780983835595,0.07600537331600293,255,184,50
12.979998421394663,77.63410573534834,0.007436523414554705,255,198,50
13.01675404773917,77.4797003885185,0.24507065033669834,255,150,50
12.928453700291728,77.63908983309959,0.07962838009343594,255,184,50
13.00264172097661,77.53760623694498,0.04021015308052204,255,191,50
13.029878116457297,77.52406170568524,0.0061253768746172225,255,198,50
12.913018285473203,77.55603953933455,0.06524345066414666,255,186,50
12.982056387163071,77.69768938581049,0.06112599283417833,255,187,50
12.914848124852941,77.64447260804884,0.06113248860725632,255,187,50
12.955859335034052,77.60898136710021,0.2074630466145703,255,158,50
12.968306124460243,77.7168843421605,0.05635825910763584,255,188,50
12.953342382769227,77.58961149704191,0.05071079885231297,255,189,50
12.92768849660731,77.71368117902256,0.1364946550309682,255,172,50
12.93881370534435,77.6861713553466,0.10403742332631308,255,179,50
13.03019922490667,77.49089202651955,0.22025044086507325,255,155,50
12.965940477007585,77.68369888031091,0.11580574222627495,255,176,50
13.077780513998437,77.61302259111446,0.04255392428625923,255,191,50
13.053194600914848,77.63211496137225,0.25096163023042145,255,149,50
12.962973018641119,77.70853667588473,0.02426269328503943,255,195,50
12.886212073793386,77.52537694219217,0.31365639307981663,255,137,50
13.078361686116853,77.55496790972188,0.009635888959959168,255,198,50
12.871683661119382,77.62468232156262,0.12832363279125447,255,174,50
12.93207019488726,77.54794373860517,0.031023184828152573,255,193,50
12.971896583085146,77.6312568756278,0.09134318830084881,255,181,50
12.874668993778455,77.59708851470347,0.16892483909056022,255,166,50
12.923311719684168,77.61140582654045,0.10550446793140868,255,178,50
13.094649573312061,77.55237075365167,0.1909980287121645,255,161,50
12.994939660083835,77.49330387793015,0.16936008551020074,255,166,50
12.887664958042864,77.6524745360505,0.1867517839540849,255,162,50
12.977035322467023,77.65894644247831,0.0742415472654274,255,185,50
12.925349732586731,77.67773852127985,0.09808541141944692,255,180,50
12.93401300019949,77.62533279658925,0.018524235762652035,255,196,50
12.984019050063411,77.50148663667022,0.004945191074579739,255,199,50
12.933789560612837,77.64743517078885,0.2745941432217588,255,145,50
12.845452669699306,77.53601828967192,0.42759454668997926,255,114,50
12.992403282657156,77.7447817171955,0.1302920261024,255,173,50
12.882606535303221,77.61650839820739,0.05553983489641766,255,188,50
12.909623297977102,77.6250778566321,0.17573988978602126,255,164,50
13.099375949983102,77.62154519649435,0.09768095940908826,255,180,50
12.886477197528261,77.49775147522855,0.3967018897387661,255,120,50
12.974155384030173,77.67549666129942,0.10738759347707584,255,178,50
12.99292425205447,77.69504312133563,0.05477557399498105,255,189,50
13.065378789266,77.4967741184608,0.027228845440130375,255,194,50
12.986461717891297,77.52915018820204,0.18721084788687042,255,162,50
12.891310320385207,77.5585817523229,0.10758748545538073,255,178,50
13.055932653662138,77.62937950574971,0.12313307415325647,255,175,50
13.018548282099523,77.57370254694116,0.07799296283710765,255,184,50
13.030630294504512,77.71756286856883,0.1827155184063858,255,163,50
12.885371705930261,77.6110119179929,0.07720283237768456,255,184,50
12.915836338649978,77.54501595912068,0.074593446176561,255,185,50
13.00192916250018,77.60946217774932,0.062392555600968326,255,187,50
13.002883752068797,77.51273203727582,0.22848100080806918,255,154,50
12.928537410086838,77.63080161150722,0.010867281863389096,255,197,50
13.017541342520886,77.67319770794249,0.22144917134546402,255,155,50
12.932338633899569,77.52031371768685,0.04104104818133621,255,191,50
13.027978485076984,77.71200597790279,0.1073121840557177,255,178,50
12.847650447587307,77.5885238136625,0.031229163298626263,255,193,50
12.891256224998457,77.56410674010381,0.12329670907349145,255,175,50
12.944991672852108,77.61163148176026,0.18579387692908356,255,162,50
12.902258717695684,77.54764144028546,0.039137057142415346,255,192,50
13.006730432235184,77.67031797850397,0.12016605470912241,255,175,50
12.988100188516622,77.63695482612,0.21594404442744644,255,156,50
12.931634620377631,77.59215046673873,0.07509007522048815,255,184,50
13.126922412825289,77.577592145545,0.3360952031389916,255,132,50
12.885890085675882,77.55852668322179,0.09909587568497896,255,180,50
13.007432397201233,77.60122783516138,0.11678615491850305,255,176,50
13.129660138257785,77.57485531762177,0.3345333869515737,255,133,50
13.121640465416704,77.56371050102932,0.21703245960512085,255,156,50
12.947311039777103,77.65034113723438,0.14618464931341885,255,170,50
12.969684997684046,77.58148978299282,0.1023345311343792,255,179,50
12.959440493227364,77.5205862123513,0.1258650217916894,255,174,50
12.95210517198297,77.71118227435105,0.2243396965337649,255,155,50
12.929946648494987,77.4871300172623,0.12323117543803772,255,175,50
13.008543887384233,77.48791138979844,0.05067298443318999,255,189,50
13.021855068537374,77.51292321760035,0.11219261342161356,255,177,50
12.976608112016951,77.70039402797481,0.17155844104973939,255,165,50
12.967084380247936,77.57040864280097,0.17225172759031893,255,165,50
12.970011966551478,77.54832957784788,0.07513398079216908,255,184,50
12.998799150996291,77.65088677864807,0.12480256879019634,255,175,50
13.032534335429741,77.52961743371178,0.14615336158620326,255,170,50
13.040933482778312,77.50205766075612,0.032033273474348846,255,193,50
12.932177920829686,77.53689180500407,0.07605889915575802,255,184,50
12.930826097046381,77.67227098564233,0.1252338712394193,255,174,50
12.925378067334565,77.67497590836699,0.1167585187667645,255,176,50
12.913790083123198,77.47591735197788,0.09678396725447745,255,180,50
12.98906401275613,77.5402321378196,0.10584150532147156,255,178,50
13.040799498852298,77.5158789455773,0.06608692550829962,255,186,50
12.993124285700906,77.67569975187266,0.0461447724775899,255,190,50
12.960520818294265,77.68364077416624,0.06626931723686752,255,186,50
13.028409212323737,77.6705502608586,0.04873878960697027,255,190,50
12.921121567078115,77.55888508177819,0.010685203952435938,255,197,50
12.971445538425385,77.67546767467869,0.07401244053054595,255,185,50
12.998714353458334,77.65917719035721,0.06368339776977038,255,187,50
12.942170706384564,77.62265497751638,0.07971121076112132,255,184,50
13.094346709907276,77.58278275787357,0.04232844764802337,255,191,50
13.076139276824781,77.50517717333024,0.039933327202074646,255,192,50
13.03760098972677,77.56560633888716,0.02271211079160688,255,195,50
12.981271257158989,77.77229305339917,0.4490645016123835,255,110,50
13.02078748537822,77.62071591433146,0.22453458824410977,255,155,50
13.026374622406339,77.6041897087866,0.13117923310839763,255,173,50
12.963116438565962,77.69472182440924,0.05732790095158914,255,188,50
13.036935042498376,77.63194287793377,0.15501896123211162,255,168,50
12.871265273142365,77.66611369323637,0.11424688652366144,255,177,50
12.924631885818291,77.7468016881622,0.13408195811792636,255,173,50
13.054511234920323,77.49942959340912,0.23003780629217757,255,153,50
12.954180064972455,77.50395192357352,0.1515146826395036,255,169,50
13.132147703589327,77.59700444194486,0.18743593660593277,255,162,50
13.113482744249579,77.56639115555556,0.16376833808897115,255,167,50
13.016965477086043,77.72846913418982,0.44214808959621227,255,111,50
12.888546119703113,77.5640791431052,0.037805126543265365,255,192,50
13.075569390647438,77.56323360482418,0.11520663529323584,255,176,50
13.089092233883624,77.56613835263937,0.20305399881718636,255,159,50
12.872258424808013,77.56667597037173,0.08160624383113632,255,183,50
12.961854528332205,77.55101009016546,0.16305858220212202,255,167,50
13.017683472642096,77.65937943816418,0.14731105983028414,255,170,50
12.99569136094982,77.68954566616222,0.15762725946722259,255,168,50
12.985558002424163,77.62034592825549,0.05310384847968357,255,189,50
13.080067288421455,77.65451748920555,0.3244236287949454,255,135,50
12.970550314739512,77.76112128070326,0.22527866522443896,255,154,50
12.937785705598166,77.51760507124207,0.024040980145833744,255,195,50
12.946367623954172,77.74151368406336,0.25419155267722665,255,149,50
12.988267966404644,77.62037435004486,0.04248408188461909,255,191,50
12.899816321129391,77.51998754172338,0.1789668076507168,255,164,50
13.005243502687046,77.54868895692286,0.012803131351278725,255,197,50
12.887468234102382,77.67181014679585,0.18118754022721123,255,163,50
12.948249762670534,77.55639836843895,0.06721112817985453,255,186,50
12.93088264520337,77.666745608027,0.1623083023707279,255,167,50
12.888868876011722,77.53092919629783,0.1458526633130636,255,170,50
12.903053378006003,77.46475933592217,0.3923896780466902,255,121,50
13.045036690690026,77.63479292269982,0.12958078899119718,255,174,50
12.963738797723042,77.63393452170996,0.05311823510872579,255,189,50
12.908748771958509,77.71071393287815,0.2701236859662076,255,145,50
13.012376853930492,77.6482671263689,0.07561306946346823,255,184,50
12.996895176908774,77.5707152246264,0.04779526862312945,255,190,50
13.126531602180352,77.61630247115505,0.18200623568280136,255,163,50
12.947894828488767,77.5923185346871,0.010132271744017955,255,197,50
12.883766951666134,77.49772460225739,0.33357405278480484,255,133,50
13.09998746789164,77.5607210512317,0.23630396378712556,255,152,50
13.018077528906957,77.6206874151787,0.20419582154367902,255,159,50
12.963682804756683,77.63946077073986,0.0,255,200,50
13.028180314452797,77.69266016209134,0.14430670773617793,255,171,50
12.9692145748552,77.62846517273083,0.05514121880183016,255,188,50
13.009125536701866,77.7007456886828,0.15497396546530878,255,169,50
12.87713128890196,77.62197654675037,0.1334607019718532,255,173,50
12.896595037082735,77.57244956538963,0.08085493688291372,255,183,50
13.085572231845134,77.6462821806022,0.002252099194189622,255,199,50
12.959413722844726,77.52334954039422,0.08835369592507099,255,182,50
12.880225715022464,77.58333281842904,0.09542232687076913,255,180,50
12.943152649389587,77.52318579038473,0.07758245580948891,255,184,50
13.07345589264412,77.50238517967883,0.084216194153108,255,183,50
12.954380137723728,77.7526537124828,0.1857174072442801,255,162,50
13.056295642378128,77.59344485372884,0.08672518725133777,255,182,50
12.971217205742937,77.69757244439677,0.06357273249552844,255,187,50
13.115550959722482,77.63001195449775,0.0010026147915731425,255,199,50
13.067107899562533,77.59632241004255,0.17568532008165294,255,164,50
12.922354992044786,77.70533509217805,0.26684786829938645,255,146,50
13.129185229119654,77.62186117230685,0.1289189006722255,255,174,50
12.914053399932786,77.72182197429125,0.10706510730523354,255,178,50
13.022041952185308,77.49357480311744,0.16676125057298202,255,166,50
12.845076211812481,77.57468633464453,0.2307933004067717,255,153,50
12.89867224166532,77.63601441155657,0.12878359970295306,255,174,50
12.902150782387718,77.5586919659397,0.0,255,200,50
13.09669411257443,77.61875187374469,0.18372439373287872,255,163,50
13.070394978460753,77.53829717085628,0.1276957666745875,255,174,50
12.891552309272562,77.53371899701568,0.04719976683436867,255,190,50
12.938034438145962,77.76076286873017,0.5076563629716353,255,98,50
13.042270426088269,77.64029220021798,0.27652271327946326,255,144,50
12.941834978786016,77.65580953231719,0.1468676591811274,255,170,50
12.85854516615627,77.583110762575,0.1270208137101974,255,174,50
13.039220053431698,77.67343044049356,0.18450793548430713,255,163,50
12.96247992124729,77.75550592064825,0.339080539024963,255,132,50
12.992123065587975,77.50433177510062,0.029512798459881747,255,194,50
12.910948506907333,77.48970504665773,0.13776493294515071,255,172,50
12.914339852820717,77.6941977946986,0.05017434683648809,255,189,50
12.96337275150136,77.66985467495202,0.05754019206951069,255,188,50
12.95749592215531,77.71400382101322,0.15541631025025415,255,168,50
12.98136196722275,77.49593227398027,0.09389738751552287,255,181,50
13.000444527654249,77.75316092117293,0.12976019931903593,255,174,50
12.987303271710086,77.71432727026973,0.0721115968991556,255,185,50
13.075950761767457,77.52452962263284,0.07313166515873352,255,185,50
13.021010122247771,77.59860537844469,0.04335228651397068,255,191,50
13.002397311805696,77.56247993089619,0.014845384185417303,255,197,50
12.868667570095823,77.6550369407997,0.17082825531886192,255,165,50
13.024159850075133,77.55441086836034,0.24831968197123816,255,150,50
12.956890283325414,77.50397901579898,0.0777610048825737,255,184,50
13.07285932178194,77.56320560894186,0.09959835804383142,255,180,50
12.985835226956816,77.59271158549254,0.0,255,200,50
12.975701579104701,77.52075000661483,0.21710477832243547,255,156,50
12.99782265228666,77.74484129742387,0.3183604415055639,255,136,50
12.88813678357719,77.60551529999388,0.0654530739996291,255,186,50
12.974212186734505,77.66997034324984,0.007363637091773063,255,198,50
12.988874121533925,77.55957729713953,0.062430821194465184,255,187,50
12.8696293667275,77.5583616267165,0.09759668565735342,255,180,50
13.113121968482904,77.60233486683887,0.0722239576856509,255,185,50
13.042993710251631,77.56842638872769,0.0002314733073252428,255,199,50
13.033714638239239,77.6816636405318,0.2067798532155088,255,158,50
12.943802876534585,77.72767064083232,0.22784529020967273,255,154,50
13.00356179392304,77.71450403755392,0.08841687521066603,255,182,50
12.940831753080904,77.7525049056644,0.33171831045367206,255,133,50
12.908605097953052,77.72452560923644,0.2767636236619926,255,144,50
12.914931918857642,77.63618487121943,0.03191185009393786,255,193,50
12.995112967787522,77.7448115039342,0.2243125976633532,255,155,50
13.010418104973883,77.57361861615603,0.02519864606619667,255,194,50
12.8662083196786,77.6301500684697,0.07434942010246612,255,185,50
13.010363198583839,77.57914616358303,0.0733595817734094,255,185,50
12.900002007477822,77.50064865486343,0.41484804508569306,255,117,50
13.037436092408882,77.58219081834793,0.05835302919494382,255,188,50
13.061798751614594,77.58520849145835,0.03394787065134196,255,193,50
12.894395927029374,77.51993326574576,0.11353954452837843,255,177,50
12.963822567725494,77.62564509961233,0.14987344268028893,255,170,50
12.861498998922926,77.55827918327178,0.20838024991011533,255,158,50
13.09409625133664,77.60766473450612,0.0065462745470377635,255,198,50
12.853368625569205,77.55819679635407,0.4607257519497158,255,107,50
12.94258445075137,77.5812104800291,0.04260409375960395,255,191,50
12.864262983898163,77.5527822376853,0.2632786613642565,255,147,50
12.898560603458206,77.64706400184538,0.004985901879081169,255,199,50
12.96177314632125,77.55929993907776,0.11330223204066636,255,177,50
12.962509160953553,77.75274307776328,0.2477889587842843,255,150,50
13.01399087152494,77.48520146112551,0.06323588002414801,255,187,50
13.113289102252628,77.58574559540142,0.05570092867535872,255,188,50
13.01364402596515,77.52113306128503,0.15322314097887543,255,169,50
13.091884697145396,77.5578722860666,0.2650800293624536,255,146,50
13.078003448498484,77.59090685326338,0.03645772932432948,255,192,50
13.02993192878445,77.51853348763532,0.1183308528331475,255,176,50
13.038169784189458,77.5075588799492,0.11567917420241708,255,176,50
12.9692424809838,77.62570196589056,0.02916327695264104,255,194,50
12.913816259522596,77.47315442572544,0.12364458261006116,255,175,50
12.919787980859347,77.69149340039475,0.12699369157357276,255,174,50
13.024430854695217,77.52677081441607,0.08728066329931455,255,182,50
13.013428114064961,77.54324429503927,0.038725270117977634,255,192,50
12.970254426094387,77.52345883115065,0.1448352771371823,255,171,50
13.05813165045562,77.67916258920711,0.27074085939721254,255,145,50
12.94685759920105,77.69454690944048,0.058721471839541316,255,188,50
13.10778567806593,77.59398343312694,0.028007039818746717,255,194,50
12.969930619619024,77.55661971419117,0.1630219590991224,255,167,50
12.957782491846999,77.68637468138631,0.04258912579726779,255,191,50
13.078251990742597,77.56602616016755,0.17140359360695878,255,165,50
12.933365576519854,77.6888759973836,0.08046996647423664,255,183,50
12.935022104307912,77.52310399911754,0.12898350922353585,255,174,50
13.037325572134447,77.59324701095512,0.09369239520828322,255,181,50
12.943339185378303,77.5038436162318,0.06713218898512438,255,186,50
12.986164026811272,77.55954953300659,0.0703679509009794,255,185,50
12.931579648146618,77.59767619365637,0.008263315239281808,255,198,50
12.861390950523033,77.56932783041118,0.18147014922420054,255,163,50
12.947113579866896,77.66968136941817,0.1764387884016385,255,164,50
12.864316729516133,77.54725779216152,0.10015855378784025,255,179,50
12.960349365734343,77.7002185562277,0.21238578377435424,255,157,50
12.894342634845476,77.52545848768003,0.03174433304155777,255,193,50
12.953424676986348,77.5813221250603,0.07728808673259259,255,184,50
12.85027862971722,77.59683751337536,0.18230463450986534,255,163,50
13.011777697504908,77.7063020466694,0.15686739572331354,255,168,50
12.908806037694266,77.7051892156769,0.11213920887994658,255,177,50
12.935731410595164,77.72205698964896,0.01460655030968257,255,197,50
12.911401156978318,77.71626790420986,0.20926950159689964,255,158,50
12.858950041755605,77.5416787331679,0.04703260330387124,255,190,50
12.935817802011059,77.71376909225953,0.20848918578052453,255,158,50
13.118597774309658,77.59686204803394,0.09011583973719661,255,181,50
12.891065974614783,77.58344399859931,0.019474874119955275,255,196,50
13.00816990537106,77.5266059907241,0.17944868853310367,255,164,50
12.927630968902593,77.71920627217372,0.1144167083037401,255,177,50
12.907652040005333,77.55045904747838,0.0175009624033303,255,196,50
13.091719622975015,77.57446049015644,0.10451394793917931,255,179,50
13.055507630796633,77.67084120531752,0.13787784397708633,255,172,50
12.915701345975435,77.55882987438972,0.05910787122754223,255,188,50
12.992440742942513,77.47116661327715,0.38208578134935633,255,123,50
12.874448942553029,77.61918618001658,0.011769663800559198,255,197,50
13.01600230851242,77.55709141010452,0.0346620432436357,255,193,50
12.871794127557132,77.61363370995628,0.07960340753470356,255,184,50
13.110523508529814,77.59124699173793,0.033072703052814685,255,193,50
13.12661583642899,77.60800750714942,0.20872577871186482,255,158,50
12.91307229998378,77.55051403891687,0.20482924752707088,255,159,50
13.002506231679448,77.55142501855745,0.004787195284766906,255,199,50
13.003963644273895,77.67581594840944,0.1398933968554316,255,172,50
13.110187536164394,77.62442478722566,0.06655187624235215,255,186,50
12.910869382595516,77.49799360807566,0.1385014628273264,255,172,50
12.876797304582471,77.65512254951993,0.06801079172456331,255,186,50
12.950549805419511,77.5978727121185,0.0962418073471667,255,180,50
12.984215789455657,77.75021859455778,0.045608891304642796,255,190,50
13.083116311032605,77.62137317548289,0.18860243977813243,255,162,50
12.957839454906747,77.68084877399718,0.12827503835834655,255,174,50
13.059608718043041,77.53265754224317,0.20102698649817755,255,159,50
12.924047455391962,77.53680964188084,0.2601720963850237,255,147,50
12.878477843351535,77.4838583553696,0.7319266619164343,255,53,50
12.94630942480672,77.7470390595828,0.14710148494965092,255,170,50
13.11823260803068,77.63280562876042,0.0792583597135304,255,184,50
12.855561609855611,77.61070330014057,0.19503396062758221,255,160,50
12.899413617052678,77.56142698914402,0.029980863206396757,255,194,50
12.973310706675887,77.48756048312279,0.19203416701766843,255,161,50
13.02092685388604,77.60689687755033,0.14357324818017322,255,171,50
12.963059158350982,77.7002477849216,0.14739901417799933,255,170,50
13.086188945964247,77.58546262250806,0.11117907347449639,255,177,50
13.032776145659074,77.50474009887557,0.08203711652962789,255,183,50
13.11292563178021,77.6216887249534,0.04547393035147906,255,190,50
12.962097094151613,77.52614020544786,0.023362870260949874,255,195,50
13.070149252290141,77.56317761937252,0.04043167173300256,255,191,50
12.8669461960031,77.55557190260473,0.15178209440809473,255,169,50
12.930741055967841,77.68055900279823,0.03443209644166641,255,193,50
12.894208895013046,77.53927143383657,0.04292660394618627,255,191,50
12.942419741748527,77.5977884516094,0.046948334114802454,255,190,50
12.856373360562042,77.52784060658543,0.11241421469055612,255,177,50
13.046566824916425,77.4799973292543,0.5596364320419269,255,88,50
13.053053546363294,77.64593550811492,0.21106827795403493,255,157,50
13.077696426345765,77.62131588680418,0.16428518230222797,255,167,50
12.979403888648948,77.69213380861663,0.0,255,200,50
12.994511303916356,77.53752358719977,0.037037268890392175,255,192,50
13.002012393496031,77.60117132687476,0.007861505516827964,255,198,50
12.956649928532515,77.52884881102986,0.0112491581558435,255,197,50
12.908343317617879,77.47862682558761,0.13050960235866044,255,173,50
12.924499785097215,77.48983933378295,0.03523083951206218,255,192,50
13.034365220879515,77.61809456239541,0.19646607473089683,255,160,50
13.023581168525318,77.61245292722248,0.21595196850211942,255,156,50
12.883368261886796,77.53916212586441,0.07976597701837755,255,184,50
12.909175425197043,77.66927790838606,0.006564865295629529,255,198,50
12.902948938031697,77.47581060204716,0.2547720976335834,255,149,50
12.872095513833218,77.58324949991348,0.09814729417685662,255,180,50
13.054188443520225,77.53260229410829,0.1511255399434891,255,169,50
12.991144688161599,77.60382189079466,0.08398736815600112,255,183,50
12.927051321609106,77.50644434749225,0.009322625846837707,255,198,50
12.987475974103283,77.69774789632055,0.00024686601816345516,255,199,50
13.024672244235749,77.5018942339572,0.1637195218574737,255,167,50
13.042382996173254,77.62923620451144,0.06496672473851742,255,187,50
12.967784286843179,77.49856051849511,0.029703849829946113,255,194,50
12.984039784280528,77.76679702325511,0.30740041171181093,255,138,50
13.003066100485476,77.76148067020992,0.17412242351167925,255,165,50
12.853179359769607,77.57753124164711,0.021867531248444143,255,195,50
13.019010540742544,77.52671584831326,0.13131712903983755,255,173,50
12.9842572858888,77.47661360013379,0.05902331076823074,255,188,50
12.893474127191887,77.61385862713774,0.009171204419127367,255,198,50
12.922412203268218,77.6998100513595,0.12352715332960798,255,175,50
13.005700770996619,77.5017038495358,0.4208642561558195,255,115,50
12.969018412334883,77.64780743926693,0.045867681512659304,255,190,50
13.00952550495811,77.66205629848932,0.10731101247482729,255,178,50
12.871628253625527,77.6302065887268,0.026833338781766428,255,194,50
13.025670863832284,77.67328493330791,0.17503962894419645,255,164,50
13.012741269335631,77.61233930312757,0.18486490145424922,255,163,50
13.024698918231929,77.49913013858207,0.07638339511957076,255,184,50
12.948438834993961,77.53705629960513,0.14978839679614447,255,170,50
13.061324371639161,77.63220109057083,0.23733997976128612,255,152,50
12.983426698599573,77.5622852844409,0.04852923422335268,255,190,50
13.034808619490413,77.5738705795257,0.027059723776363225,255,194,50
12.914595169071443,77.66933546696816,0.07832407684954401,255,184,50
12.984283609933016,77.4738498988569,0.09909995533593358,255,180,50
12.91753005501065,77.64726372546183,0.02843360705500069,255,194,50
12.963173601771292,77.68919583739721,0.13131885524169176,255,173,50
13.001705921762696,77.63157083045225,0.03987081837411532,255,192,50
13.075126451505017,77.60746521104815,0.011331843357051972,255,197,50
12.995805631878742,77.67849217933005,0.04664054074142896,255,190,50
13.048276231331924,77.58230335252954,0.17901911343626525,255,164,50
12.89054239467392,77.6359292691382,0.029039613407958513,255,194,50
12.912249841215122,77.6333938828854,0.031163802606157216,255,193,50
13.086105690678703,77.59375638173901,0.18426395808263782,255,163,50
12.996620060322519,77.59835127426524,0.05495309155561813,255,189,50
12.977400241106617,77.62302401086819,0.14424324443479478,255,171,50
12.915592827058312,77.56988089347513,0.08952378199210922,255,182,50
12.897502190338548,77.4785200055475,0.463116138167726,255,107,50
12.991720028140106,77.54578697844687,0.010376082364012423,255,197,50
12.993548090591892,77.63424859152161,0.30592409577031765,255,138,50
12.930684216023874,77.68608431464521,0.1042474601377613,255,179,50
12.845238246669672,77.55811446595463,0.5429882113409887,255,91,50
12.927370650486242,77.74406885984551,0.04245203433905056,255,191,50
12.996812950016265,77.57900610622974,0.08189257419662473,255,183,50
12.994157733878865,77.5734509255556,0.015790663117367914,255,196,50
13.018410706996407,77.58752181733217,0.19702461098147558,255,160,50
13.0733753835327,77.51067905185415,0.09520352340834526,255,180,50
13.039813082825866,77.61538757360196,0.07590852650594336,255,184,50
12.957101942687085,77.48187211234392,0.06448988644991181,255,187,50
12.96904652336628,77.64504427781051,0.06820326364586239,255,186,50
13.053278880026525,77.62382255550892,0.033866642437034675,255,193,50
12.931934880610932,77.56175851465822,0.06491857195511379,255,187,50
13.016727596729915,77.48246443684573,0.18482971941841161,255,163,50
12.946208188835895,77.48729125850538,0.031209115772509243,255,193,50
12.890598002895212,77.63040461306659,0.21573521567201184,255,156,50
13.069510424664209,77.62675865309139,0.08457090717870785,255,183,50
12.970784032840324,77.73901774074874,0.012042840723545391,255,197,50
13.045344543192083,77.60438821321974,0.02518764774726228,255,194,50
12.911105968495352,77.47312775883495,0.0389348914969094,255,192,50
13.001649818088643,77.63709792902463,0.0534968419894722,255,189,50
12.902015207996534,77.57250498153016,0.09186209420232946,255,181,50
12.965997418486653,77.67817278080557,0.005275617964117837,255,198,50
12.879896541036612,77.61648025714348,0.13431678670180008,255,173,50
12.850360508967212,77.58855158218044,0.12211954634559559,255,175,50
13.023995835711474,77.5709945993984,0.1595050961713557,255,168,50
12.97846529178667,77.51525023472018,0.047391332422750114,255,190,50
13.107646089483175,77.60780744398294,0.17350614800447403,255,165,50
13.036424457096825,77.68169283856285,0.24036078710711714,255,151,50
12.9926649547743,77.71991269019667,0.10766270792371256,255,178,50
13.004915615616676,77.5818538259125,0.025467691593676078,255,194,50
13.085882376456988,77.61587279139403,0.08350049145018316,255,183,50
12.887832444433872,77.63590090127994,0.08841979611239927,255,182,50
12.996647704014048,77.59558769795306,0.09802607006110231,255,180,50
12.90800014115241,77.51454345857363,0.15381109788547828,255,169,50
12.976694081242588,77.69210462966738,0.02988930754269254,255,194,50
13.080768907167664,77.58540610436738,0.09888554731914279,255,180,50
12.884758362368586,77.67178140015312,0.16278673877663202,255,167,50
13.03673761448123,77.65129033643375,0.18658775779225828,255,162,50
12.959627066618605,77.50124274289715,0.1577411090273421,255,168,50
12.872068260326182,77.5860117326763,0.06056572962146861,255,187,50
12.896757568402174,77.55587428391368,0.052705962702727115,255,189,50
12.933251405074758,77.69992663432868,0.14593040378576025,255,170,50
12.91553839268072,77.57540636515901,0.012554224265676924,255,197,50
12.938354486256133,77.73037432311789,0.10400558333092258,255,179,50
13.013073246425208,77.57917419409068,0.0976579235757012,255,180,50
12.977148132346176,77.6478935036022,0.09414257969614392,255,181,50
12.924127891011873,77.52852089394887,0.1299005444774141,255,174,50
13.018712402253723,77.55711921353995,0.0478082634720563,255,190,50
13.042439104555989,77.62370816779813,0.14944693688464958,255,170,50
12.940335256649682,77.53421093592439,0.17748938705183223,255,164,50
12.89601792566973,77.63046124958605,0.0727800011265633,255,185,50
12.923966757191437,77.54509833370622,0.06034524428392077,255,187,50
13.000327038980211,77.76421392434438,0.1331152243085344,255,173,50
12.945458200925277,77.56466000305856,0.0023294745029760876,255,199,50
13.029661690221431,77.54617432883177,0.0665630026367226,255,186,50
12.886238717069471,77.5226144232955,0.307936978850159,255,138,50
13.061743384568699,77.59073712866433,0.059398863905435036,255,188,50
12.876936973205494,77.6413118284511,0.20161235942998115,255,159,50
12.906324093439604,77.68306116371944,0.16225405703806242,255,167,50
12.940977260989957,77.73869178145478,0.18074987998783168,255,163,50
12.912855542394786,77.57261588964725,0.030364971787145624,255,193,50
13.014802992793083,77.67593225026857,0.13809438292408077,255,172,50
12.97931790086583,77.70042329650461,0.12384067151103052,255,175,50
12.965682792017684,77.70856600069298,0.011029769625091898,255,197,50
13.063893118268291,77.64605096135443,0.19577046922297128,255,160,50
12.850496394396643,77.57474156986899,0.044433841273542045,255,191,50
12.903783877118705,77.66645798105831,0.06960207740006324,255,186,50
13.040853180774924,77.51035045018243,0.012419949090017701,255,197,50
13.006673482346548,77.6758450139994,0.04945198585939837,255,190,50
13.035352272495388,77.51858832341178,0.2387927027796841,255,152,50
12.878108133102645,77.52253302254145,0.34099934622324835,255,131,50
12.982113695427296,77.69216299418608,0.0,255,200,50
13.022932497579879,77.67601954579386,0.24220679762465264,255,151,50
12.86437035899265,77.54173332162148,0.05703388444183437,255,188,50
13.132119761788601,77.59976952255425,0.23030103709723637,255,153,50
12.839493019417882,77.59120241150403,0.21252250343268672,255,157,50
12.872687740712472,77.52247878634658,0.1589717082582515,255,168,50
13.051613288681072,77.51875297954756,0.09582173783966738,255,180,50
13.019358300081352,77.49078362915819,0.27831740840877717,255,144,50
12.944290263260783,77.68070380603913,0.2144865694487143,255,157,50
12.939764727230482,77.59223447204155,0.1270256162585039,255,174,50
13.099627846866051,77.5966629653541,0.15797541976897583,255,168,50
12.879924132069908,77.61371800576055,0.15780167882947818,255,168,50
12.993351136123401,77.65359264917365,0.06040006676932205,255,187,50
12.972559095854592,77.56493758002753,0.10343280063188497,255,179,50
13.038223277909228,77.50203040755875,0.007044226022835208,255,198,50
12.919986646287452,77.67215561838445,0.12906213007642417,255,174,50
12.920351806276486,77.63624174291716,0.0443885572640459,255,191,50
13.024831846998362,77.48530956957612,0.08133064894270381,255,183,50
12.883206953845361,77.5557367437168,0.01794910801187941,255,196,50
12.957002043853599,77.76097182361849,0.4798203458324076,255,104,50
12.949077326088034,77.7415433263094,0.1906639500030662,255,161,50
13.015143150357936,77.6427685661548,0.063942498512934,255,187,50
13.012796892623847,77.60681184891625,0.266883727551327,255,146,50
13.059500130923015,77.54371515075007,0.23023397291552086,255,153,50
12.976464244311446,77.71420955892661,0.07446645554037233,255,185,50
13.097029016021466,77.58557573521944,0.011071247544012064,255,197,50
12.893666659619894,77.59452165068186,0.04419968298241238,255,191,50
12.893056756768434,77.65529394299229,0.13249365392235943,255,173,50
12.853636539503325,77.53057562701196,0.2012814470570817,255,159,50
12.880951050712307,77.5087477590607,0.1344937233010409,255,173,50
12.912471728174445,77.61129315294464,0.06345715409832481,255,187,50
13.053474499841565,77.60447338271328,0.011963757938807513,255,197,50
12.856399969177355,77.52507841959795,0.1663543377776221,255,166,50
13.074760998501361,77.64340218185417,0.006639297991103877,255,198,50
12.997140273050727,77.5458422390457,0.07346918013760037,255,185,50
12.935903930744479,77.70548113485036,0.07956313454492457,255,184,50
12.966974945789921,77.58146182413613,0.10422542327829266,255,179,50
13.089474427624783,77.52743234868673,0.12739749137035086,255,174,50
12.954814941654663,77.71121160232383,0.1739573201240371,255,165,50
13.022068532219036,77.49081071930262,0.23592201993588158,255,152,50
12.958178776897077,77.64769277796526,0.07664254886230924,255,184,50
13.064481101004377,77.58800105464661,0.07947521094734836,255,184,50
12.955356251389007,77.65871611306977,0.19475986711555882,255,161,50
13.03126119301745,77.65676027367275,0.06324530792762491,255,187,50
13.061520736720848,77.61285142176443,0.0018295043018738341,255,199,50
12.874421305410001,77.62194835931155,0.10356210950947364,255,179,50
12.972884026660923,77.53177656392766,0.05564512750517246,255,188,50
13.069482295437018,77.62952296883401,0.15794678922528627,255,168,50
12.983643740773552,77.54017703437727,0.016959155620160385,255,196,50
12.929413973372077,77.5423903308452,0.013601582128787487,255,197,50
12.911487205302135,77.7079807693017,0.2440303531482445,255,151,50
12.941150906988947,77.72211581037305,0.10992122177193236,255,178,50
12.988517654250897,77.59550320134466,0.04915478866951203,255,190,50
12.943365716484992,77.50108042382128,0.09250357385760063,255,181,50
13.062453953672444,77.51886287433598,0.09375612706288414,255,181,50
12.855643959941045,77.60241728732049,0.009330996156217857,255,198,50
12.977372346187419,77.62578731373114,0.06439662479987232,255,187,50
12.992361719686956,77.47945798626306,0.22561948796469805,255,154,50
12.976950407530161,77.66723607800381,0.10274687056621243,255,179,50
12.924978726885891,77.71365188794636,0.10391189120449101,255,179,50
12.998200023504317,77.70891841790161,0.06760485557628149,255,186,50
12.916552702847584,77.4704181366392,0.24877836385486482,255,150,50
12.956863694253862,77.5067423510971,0.03855378008882901,255,192,50
13.06508312990302,77.52718385327533,0.20244693428420255,255,159,50
12.858599526835691,77.57758657392624,0.09304317472748173,255,181,50
13.07498648305853,77.62128725214927,0.0800107566539584,255,183,50
13.115494407300124,77.63554159175078,0.0006942253497439797,255,199,50
13.034781127795354,77.57663462625963,0.028677950116590026,255,194,50
13.068035497230365,77.50233053157044,0.0072079966220553425,255,198,50
12.919530454977451,77.71635578654163,0.09447315571972968,255,181,50
12.98770460264673,77.6756416930933,0.13793268364568873,255,172,50
12.91068373902604,77.51733336958196,0.09722133647359926,255,180,50
12.880415800109287,77.56399638989328,0.12774087505401222,255,174,50
13.069650628187546,77.61293697748278,0.05448876748700024,255,189,50
13.014631327737261,77.69251373752067,0.09811058572487608,255,180,50
13.053778984670332,77.57406690581169,0.017856867170974896,255,196,50
13.072666507272078,77.58255692638487,0.1472438020636197,255,170,50
13.05025868372311,77.65419882087386,0.1198968919882895,255,176,50
12.974353681078926,77.65615443335084,0.02577323745792368,255,194,50
13.129549165834522,77.58591568498532,0.056042007866807776,255,188,50
12.951734013360339,77.4762917434343,0.07467715210239309,255,185,50
13.039305566650954,77.66513877857005,0.1654555799382691,255,166,50
13.102254121060952,77.60498561194372,0.21424088939041874,255,157,50
12.86721411131413,77.5279491917918,0.07596684937273011,255,184,50
12.999440492227198,77.58732501927763,0.15142136771102338,255,169,50
13.097167302212785,77.57175207275716,0.0,255,200,50
13.033311011800343,77.72035615788239,0.3062866693742281,255,138,50
12.887998883863665,77.61932703346791,0.0675324965992059,255,186,50
13.020619273174665,77.6372985455731,0.12655237050770188,255,174,50
12.918302914388265,77.56990861290703,0.021475188235272454,255,195,50
12.858815808754889,77.55548956676097,0.3386628476842323,255,132,50
13.022558979090828,77.71194696850498,0.07402853614906717,255,185,50
13.009010203086696,77.71179956178446,0.008310769501293244,255,198,50
12.923117502240137,77.63074481988747,0.06563701940587283,255,186,50
12.99326628715708,77.6618828618252,0.1129444298882998,255,177,50
12.992335319921187,77.48222176506785,0.17333982338844142,255,165,50
13.026513168648783,77.59037017980877,0.09542896993620403,255,180,50
13.009835728258588,77.63165659042814,0.10930493935056312,255,178,50
12.858734920690303,77.56377599168655,0.22639524015789644,255,154,50
12.987042239920367,77.73919588014559,0.10241050010305118,255,179,50
13.088395335931141,77.63525312285213,0.15031955987012174,255,169,50
12.847894466176292,77.56366594364894,0.3326557628868208,255,133,50
12.974297171185585,77.66168081695231,0.09735797714818537,255,180,50
13.055848179606652,77.63767196292504,0.2002805325680874,255,159,50
13.107477606456584,77.6243960448794,0.11438074237250888,255,177,50
12.907571009678936,77.55874711046056,0.05002741342697455,255,189,50
12.944090596860887,77.70004332345285,0.1413926211379751,255,171,50
12.891364299382658,77.55305673940465,0.025611197070407005,255,194,50
12.916157347110563,77.51186192623831,0.10295133713876672,255,179,50
12.912361017820384,77.62234356945541,0.08859893081468548,255,182,50
13.006559230302035,77.68689900594019,0.09579137979115271,255,180,50
13.058188892413645,77.67363442693635,0.16457373761228644,255,167,50
13.034476776802439,77.60703872024943,0.1978628257804369,255,160,50
12.97778769413081,77.58433709656175,0.03908333419785011,255,192,50
12.940010817204078,77.56736758267735,0.0411474796896769,255,191,50
12.98884687691438,77.56234086619817,0.15639898524090934,255,168,50
12.950851164047734,77.56747860652196,0.04828081916631479,255,190,50
12.930967248589342,77.6584574924723,0.11537797609352436,255,176,50
13.014859979483544,77.6704050351068,0.2563813317525827,255,148,50
12.969381572523886,77.61188583497993,0.09816409890403585,255,180,50
13.083003732555138,77.63243105363577,0.08981935535304914,255,182,50
13.053696297037563,77.58235965776407,0.26094893417480725,255,147,50
12.975214604988414,77.57049218016151,0.03527481861617447,255,192,50
13.01776839812077,77.65108839771868,0.05554381212596861,255,188,50
12.869548321072758,77.56664838784387,0.13718048085852963,255,172,50
13.067712005152543,77.53550496299043,0.06146957769072906,255,187,50
12.957264561287392,77.7361066526832,0.1144372474097787,255,177,50
13.024884812599192,77.47978129910621,0.09126753006967976,255,181,50
12.874031335065,77.6606181903849,0.106028341385182,255,178,50
13.018575708942661,77.57093867383523,0.11752427182132483,255,176,50
12.852961315602267,77.59962737079074,0.09667000728747123,255,180,50
12.977760209333798,77.5871004891159,0.012979159749639443,255,197,50
13.047320977948235,77.67628178799895,0.13345886381878416,255,173,50
12.951699647270004,77.74986120714638,0.05940299337503385,255,188,50
12.921040186342644,77.56717353389026,0.10797641842802755,255,178,50
12.905103148066495,77.5338554443706,0.06257042705954771,255,187,50
12.845505985539225,77.53049418321835,0.47646026828799026,255,104,50
12.90571151482597,77.47031160008669,0.19182177379793444,255,161,50
13.05850161555872,77.64322906523797,0.0038379971275348986,255,199,50
13.09218456869047,77.52745999041707,0.2143120939596742,255,157,50
12.955186451636752,77.67529389309196,0.33103342373083744,255,133,50
12.904887929720596,77.55595688336778,0.05802673477528643,255,188,50
13.031711086341648,77.61253821279827,0.0,255,200,50
12.953751222151512,77.54816406782471,0.0850120693998104,255,182,50
13.045538593836449,77.58503935724143,0.1779873489361241,255,164,50
12.939571688294041,77.61157502944516,0.10147902922086649,255,179,50
12.990753943074973,77.64251026706116,0.3479502721681818,255,130,50
12.872793907454893,77.5114292414921,0.22435285026434568,255,155,50
12.913711378984285,77.48420609420495,0.07981301598261561,255,184,50
13.075596823377506,77.56046907548355,0.04800488946509787,255,190,50
13.102365684992304,77.59392663193474,0.10322995068778558,255,179,50
13.048137888556502,77.59612417799978,0.06311665326381308,255,187,50
12.933394046423041,77.68611332161139,0.07219055407848457,255,185,50
12.876825296417877,77.65236041831784,0.055373822265426115,255,188,50
13.051451220229206,77.53533900068459,0.19958516651093983,255,160,50
12.982142305614104,77.68939978843966,0.08874796973266162,255,182,50
13.028237715353704,77.68713272640596,0.02782734468106075,255,194,50
13.029688846478809,77.54341027280184,0.12684870891585112,255,174,50
12.967957729707068,77.75003977915405,0.11084074256164414,255,177,50
12.901214521078165,77.65261732978259,0.03502657174107742,255,192,50
13.066659580557836,77.64055134104862,0.06994534656430013,255,186,50
13.126950105538889,77.57482707441461,0.34485448190314794,255,131,50
12.869602380555618,77.56112388671637,0.09264709226242188,255,181,50
13.064397899871901,77.59629407200067,0.08373723014083298,255,183,50
12.85522959876237,77.64384677282587,0.4243498949502156,255,115,50
13.056817202459369,77.54092304058793,0.29677522749760327,255,140,50
12.940890043831716,77.74697967622602,0.23534652622823019,255,152,50
13.048686840268498,77.54083992588434,0.07091164358720613,255,185,50
13.037242372860128,77.60153908840942,0.26386495992386383,255,147,50
12.972285098662867,77.59257106676897,0.0,255,200,50
12.947729346770794,77.60889671062922,0.0790856417121428,255,184,50
13.020050924313237,77.6925722874725,0.10527406360970173,255,178,50
12.964127471280602,77.59525005622662,0.01043915657717977,255,197,50
12.883341449912718,77.54192457780263,0.06774419660929425,255,186,50
13.094040268639443,77.61319399215408,0.14546225683368233,255,170,50
12.933279991710233,77.69716398502752,0.0839439234463672,255,183,50
12.965854845339543,77.69198798006565,0.03502212205295685,255,192,50
13.041119823300967,77.482707603486,0.3570399456319945,255,128,50
13.04605802705557,77.5325194686754,0.11368494512412637,255,177,50
12.992315530918246,77.75307127159459,0.21927281619410494,255,156,50
13.028352164291787,77.67607777573537,0.19290566237087117,255,161,50
13.037408506493861,77.58495487605097,0.13382281421377779,255,173,50
12.927283352710251,77.75235626795275,0.1918755230153577,255,161,50
12.979202840434391,77.71147585402296,0.06556822138738659,255,186,50
13.070665203398562,77.51065163437723,0.04432627932077729,255,191,50
13.115775984813263,77.60789314677763,0.1855658972722713,255,162,50
12.974041427264497,77.68654921839769,0.012543255211894406,255,197,50
12.9557205399085,77.62279678445674,0.12223395171567585,255,175,50
12.954444289467705,77.47631853133295,0.024822955347263524,255,195,50
12.931771540152756,77.57833603808062,0.04499516432338482,255,191,50
13.031458947996752,77.63741332636901,0.18151961844565503,255,163,50
12.916849413962861,77.71356405472123,0.19387372303474976,255,161,50
12.941750389721074,77.664098024607,0.33388437727645337,255,133,50
12.933677140287926,77.65848620195834,0.19808467266689864,255,160,50
13.121195911882166,77.60795031410828,0.09339786691744294,255,181,50
12.853689774156859,77.52505131838069,0.2382133050041392,255,152,50
13.091774765956776,77.56893111409053,0.07005178554044368,255,185,50
12.975835165157521,77.50693237802341,0.035766375117142986,255,192,50
12.929575001901467,77.52581249673243,0.1190065409578311,255,176,50
12.888026521975934,77.61656469961166,0.06795055868557684,255,186,50
12.863303637785778,77.6494559279434,0.2229281834576616,255,155,50
13.107979858894108,77.5746295496554,0.04173054040914281,255,191,50
12.994185107598724,77.57068732193729,0.0,255,200,50
12.986661003590646,77.77511624093036,0.5990648399839023,255,80,50
12.935393503057984,77.48442060004096,0.07097150598270525,255,185,50
12.940522570305342,77.51486914365772,0.13738340100310015,255,172,50
13.058698763993176,77.62387978812261,0.06520184608634176,255,186,50
12.845049104542909,77.57744829068106,0.24718939330650833,255,150,50
12.996949848124485,77.56518793859225,0.18267857655909844,255,163,50
12.978169404982822,77.54564893653738,0.121321645603166,255,175,50
12.940708452377272,77.49552704848168,0.05827404214874952,255,188,50
12.901960774390496,77.57803014357751,0.0,255,200,50
12.999163555547542,77.61496098540846,0.13672523678327922,255,172,50
12.99260701063929,77.72543918764228,0.033208453532270844,255,193,50
13.046003850671916,77.53804798480155,0.1270300777647206,255,174,50
12.93085438571463,77.66950830011463,0.14742655798435117,255,170,50
12.964374304090537,77.5703808096556,0.1348647007568453,255,173,50
12.95504414785772,77.68910852898516,0.026342166830974158,255,194,50
12.872393385021883,77.55286452237688,0.08812913814203775,255,182,50
13.05008795214183,77.67078296383197,0.0,255,200,50
12.987418523871249,77.70327438091499,0.05749392099245758,255,188,50
13.070121801806296,77.56594208217935,0.08831086440645483,255,182,50
12.921497872855099,77.52020489328244,0.023404284095099995,255,195,50
12.936834007261476,77.61430969429811,0.08263315179169456,255,183,50
12.968334967158395,77.71412134549786,0.0735508805718017,255,185,50
12.99828640520588,77.7006283621672,0.06991006404667013,255,186,50
13.096945689402569,77.5938698563078,0.15955075008564176,255,168,50
12.934124019420498,77.6142814544254,0.08892269531216548,255,182,50
12.874805581514622,77.58327726640863,0.06354034674545188,255,187,50
13.059527321940648,77.54095075800214,0.2735179027208615,255,145,50
12.954958414778414,77.69739723125097,0.1882521246453711,255,162,50
13.031033422433822,77.67887067813903,0.1743862383447975,255,165,50
12.984477819690875,77.72535049545944,0.14654803598928867,255,170,50
12.939819618350805,77.58670854105341,0.0763783935144965,255,184,50
12.99775583021564,77.48227564937555,0.06747664697034861,255,186,50
13.006872293212899,77.65650027491887,0.06464590054792813,255,187,50
13.039390814973284,77.6568470576068,0.06276795647913541,255,187,50
12.984361654787786,77.73640305126263,0.03179510227833639,255,193,50
12.998515465693629,77.67852125508308,0.09426900686402587,255,181,50
12.865985624848845,77.65224640478687,0.23841268800548704,255,152,50
12.869194102574356,77.60255702830739,0.11398304205699053,255,177,50
12.91448198658423,77.68038545627591,0.03905081607314757,255,192,50
13.064920356340298,77.54377066452138,0.26576866204985355,255,146,50
13.051288090742808,77.55192479709184,0.023959484550570658,255,195,50
12.863719140479914,77.60802530513199,0.03056047530707655,255,193,50
12.933817592723884,77.64467239671427,0.2802554889019094,255,143,50
13.003677195246746,77.70345043053533,0.045336437309023724,255,190,50
12.978223466305897,77.5401219559267,0.08159888313614391,255,183,50
13.038383052373375,77.48544484277761,0.2645094664729976,255,147,50
13.110300000617164,77.61336562495596,0.014216461520338251,255,197,50
13.102142083760548,77.61604448925705,0.17539960857218675,255,164,50
12.86667537661605,77.58319398595158,0.18911995414301966,255,162,50
12.942529664606806,77.58673649600674,0.07790877916864933,255,184,50
13.0107721324388,77.53768894288109,0.027410657936083806,255,194,50
13.01474588860348,77.68145943909428,0.06223238134699802,255,187,50
12.991282847028229,77.59000430836367,0.07990033075930646,255,184,50
13.027488994631815,77.49086491798298,0.2026233538611107,255,159,50
12.958458328266778,77.62006206476931,0.13178537596876816,255,173,50
13.027060000725916,77.53509047857223,0.06778017717817852,255,186,50
12.912054160299963,77.65273168204742,0.025018721738877887,255,194,50
13.026842679735545,77.55720266160468,0.20589272071665224,255,158,50
12.950959871961775,77.55642601465925,0.0,255,200,50
12.969657559963043,77.58425309232139,0.012428155199309452,255,197,50
12.930022168774192,77.74962348962161,0.08215224092529161,255,183,50
12.888681110610648,77.55026677480488,0.0472074999035307,255,190,50
12.989171876837297,77.52917762344728,0.09367340389520457,255,181,50
13.091442134292507,77.60210698885257,0.05681626633357818,255,188,50
13.021065487507412,77.59307768038852,0.024871160231620757,255,195,50
13.050652932950833,77.61550157504749,0.11236006488154744,255,177,50
13.118764624038594,77.58027233737329,0.21455988568049825,255,157,50
13.03450459221626,77.60427474365373,0.23822021543184452,255,152,50
13.083312186090703,77.60202164038765,0.04767118523165645,255,190,50
13.083284292561768,77.60478616468357,0.026087146808761723,255,194,50
12.929116025403964,77.57278244145218,0.010460015747913207,255,197,50
13.04304852295237,77.56289807082074,0.062367931829993256,255,187,50
13.10462648990381,77.63819081437316,0.2649480550079717,255,147,50
13.066461066234439,77.65990097656469,0.1668935772515728,255,166,50
13.012963057442708,77.59022933255777,0.22242547023122736,255,155,50
12.931247363075961,77.63083001701422,0.0357658656664646,255,192,50
13.017853059143256,77.642797298563,0.05674539039996889,255,188,50
12.999274682364138,77.60390667577131,0.11706535886989812,255,176,50
13.03100481875167,77.6816344491007,0.17388978685143497,255,165,50
13.022174558266155,77.47975432280715,0.09715374338692181,255,180,50
12.876964819762305,77.6385496647536,0.18345038079946369,255,163,50
12.96393385141416,77.614592446468,0.03615054506888181,255,192,50
12.936861695081214,77.61154681291598,0.007474301599763736,255,198,50
13.017283657299796,77.69807017858673,0.06383148649218741,255,187,50
13.120942517111526,77.63283448764096,0.1475080168276513,255,170,50
12.9241011083147,77.53128381614897,0.14564840727122555,255,170,50
12.971131098005813,77.70586162378737,0.07683672260714723,255,184,50
13.001845667346453,77.61775297084684,0.06368886164812243,255,187,50
12.911941701608653,77.66378170977275,0.08534529040490209,255,182,50
12.890346849625985,77.65526536111209,0.17812035027289544,255,164,50
13.135107882599705,77.57214665483473,0.3558408530171956,255,128,50
13.042326770016494,77.63476421533616,0.08842204142316444,255,182,50
13.016246452016487,77.53221625545433,0.06482961089505977,255,187,50
12.97854537280978,77.50695954938723,0.017955313154348968,255,196,50
12.91211021482367,77.6472066290559,0.0448872223792028,255,191,50
12.928285492938949,77.6556661010026,0.16385747392126268,255,167,50
13.031960841656854,77.58766257838757,0.07034987459892605,255,185,50
12.953588475926386,77.56474320993861,0.10732435776473716,255,178,50
12.934563425351053,77.57007506211728,0.10011808915770838,255,179,50
12.966643832400994,77.61462075703658,0.07168500888775213,255,185,50
13.072638844265596,77.58532137491763,0.1418088214945798,255,171,50
12.95361567340425,77.56198003531014,0.016680359164603496,255,196,50
12.89147190819984,77.54200663837265,0.028624528431979095,255,194,50
12.911079797773013,77.47589065537018,0.00806956008598697,255,198,50
12.927254195124396,77.75511872380581,0.280280333684746,255,143,50
12.985669243994995,77.60929226810819,0.16056255277118128,255,167,50
13.055621618618906,77.65978489581732,0.22162912670858567,255,155,50
13.01979133236585,77.71744460996052,0.09429281674848719,255,181,50
13.066432589055248,77.6626651840648,0.12772817808924466,255,174,50
12.89582270307427,77.64979784758165,0.071232455869548,255,185,50
12.903840186350559,77.66093317146677,0.04760780426296818,255,190,50
12.963001761128952,77.7057737188801,0.06681031785533702,255,186,50
12.934590640058673,77.56731210861923,0.10752925011471648,255,178,50
13.086791357977637,77.52463998184638,0.15718933636574708,255,168,50
13.099347813549688,77.62430985663939,0.048811929947316486,255,190,50
12.960176860338555,77.71679609931695,0.09616394006995962,255,180,50
13.019251826415552,77.50183980762378,0.2786329941411759,255,144,50
12.856346722928187,77.53060278736714,0.11094649058225751,255,177,50
12.972229947815904,77.59809768782961,0.024453951776445246,255,195,50
12.96421001227062,77.58696036455615,0.037760605609977335,255,192,50
12.97043275335575,77.7721728879749,0.49144611320339515,255,101,50
12.89699940041741,77.53101093837705,0.021884260549042647,255,195,50
13.042717879769913,77.59606759780115,0.09008354478001274,255,181,50
13.047378111869033,77.67075385295173,0.03589785648458918,255,192,50
12.927341580391506,77.74683133596585,0.044911150911813635,255,191,50
12.955158049351109,77.6780568334507,0.24248275248364964,255,151,50
12.956515374243478,77.5426651466356,0.1610557959485672,255,167,50
13.0593363655121,77.56030137545979,0.10605937819979545,255,178,50
12.924718989736734,77.73851432875846,0.10531195029416934,255,178,50
12.850873016382916,77.53607269752825,0.2401003706877403,255,151,50
13.034309266361921,77.62362244483141,0.18932680177629546,255,162,50
13.054350369890242,77.51601605527433,0.06577398779714709,255,186,50
13.008089017331221,77.53489753302401,0.09385845091518089,255,181,50
13.012824660203382,77.60404811218585,0.2548634714627516,255,149,50
12.859056905737924,77.53062995393485,0.042439680208130895,255,191,50
13.052769227284832,77.67357611218712,0.06329516349479324,255,187,50
13.094180003634671,77.59937079986919,0.0515185469442501,255,189,50
12.943541431268196,77.75253465349815,0.2776080000350562,255,144,50
12.927745907640064,77.70815605920009,0.0777020178887012,255,184,50
13.105075681843692,77.59395502933502,0.057055960238893054,255,188,50
12.948031926199477,77.5785032127656,0.05551702345271257,255,188,50
13.035672812540513,77.48541777590111,0.1728907856172526,255,165,50
12.968650305423806,77.68372794328036,0.05215072277021371,255,189,50
12.867053710633805,77.54452289319683,0.0,255,200,50
12.907973538973376,77.51730623343917,0.14746412383240695,255,170,50
12.944516700837372,77.65860110523774,0.23873102183641,255,152,50
12.933985172416103,77.62809561601719,0.056985638045454035,255,188,50
12.861525938454118,77.55551700576808,0.2681807070302485,255,146,50
13.059171538483943,77.57688737320574,0.1188638400660925,255,176,50
12.954467624623454,77.74436541150848,0.08932155999633144,255,182,50
13.046433961989784,77.49381916050594,0.19088916516597335,255,161,50
12.85320648476358,77.57476919696113,0.04052404897946662,255,191,50
12.952926964551054,77.63105749384466,0.14542714499202034,255,170,50
13.019384844993189,77.48801956919964,0.2297716122444087,255,154,50
12.868723488213883,77.64951284949245,0.1256639950080892,255,174,50
12.985108346477928,77.664559533345,0.0239758833055297,255,195,50
12.936583502988269,77.63917533678946,0.21826206893245434,255,156,50
12.917558050704097,77.64450112979306,0.08932622770589461,255,182,50
12.92320091328407,77.62245671853134,0.14530900594478038,255,170,50
13.003705972212911,77.70068701213775,0.035090354353165015,255,192,50
12.945294508242299,77.58123838176908,0.0,255,200,50
12.905263338303852,77.51727910348114,0.15544338798346788,255,168,50
12.891391245234631,77.55029422353594,0.04233295996982567,255,191,50
12.861091422789315,77.59971108834809,0.13513307024373236,255,172,50
13.03215344811647,77.56831450581258,0.0,255,200,50
12.967328895273495,77.54553861570699,0.0966181022437291,255,180,50
12.99097792976004,77.62040277827934,0.04155704677053574,255,191,50
13.083060080871299,77.62690212750019,0.06004552487509206,255,187,50
13.094263489827739,77.59107680759725,0.04459244664084457,255,191,50
13.035539769370864,77.4992389451091,0.06345191872257852,255,187,50
12.93488807473814,77.53691920518145,0.0445466982183238,255,191,50
13.06702441504294,77.60461546012264,0.07828201177587543,255,184,50
12.992490770552113,77.7364921020409,0.19522147614403265,255,160,50
12.902870302167097,77.48409898779718,0.335805482756443,255,132,50
12.906968775633983,77.61952449848671,0.1123161145659533,255,177,50
12.934780325464109,77.54797125783682,0.08621856697108271,255,182,50
13.10756198115613,77.61610177343958,0.043636727374809,255,191,50
12.980165914931378,77.6175257583838,0.2117573176911595,255,157,50
13.080406369003834,77.62134452791527,0.22038301921764944,255,155,50
12.853341674621975,77.56095887886086,0.39169362451917605,255,121,50
12.981335414346384,77.49869589644018,0.057029352095218054,255,188,50
12.997275410498693,77.53202369419756,0.08646835079728273,255,182,50
12.93512880232168,77.51205172259878,0.0737839481256367,255,185,50
12.915181726984056,77.61132131171952,0.06128912289621381,255,187,50
12.936330633866167,77.66404045390249,0.30241541591378923,255,139,50
12.929876203418939,77.76343588366035,0.5513063898430175,255,89,50
13.067384263469629,77.56867849521025,0.0726292763096045,255,185,50
12.894922444727262,77.46467969354855,0.6098365375114296,255,78,50
12.975994501546793,77.49035102032168,0.13078037360953082,255,173,50
12.918029517161548,77.59753601485177,0.03588749446774583,255,192,50
12.992780491213964,77.70885961508374,0.04976030367784478,255,190,50
13.069873419356991,77.5908219622515,0.005206975563500681,255,198,50
12.948960785754942,77.75259416945984,0.1512362584123532,255,169,50
13.12130776142587,77.59689051401456,0.10659744981047027,255,178,50
12.866973118222688,77.55280965964783,0.17637813913772538,255,164,50
12.96591196237784,77.6864619201697,0.13969396981745594,255,172,50
12.951549403268904,77.49563497361324,0.13813360983619583,255,172,50
12.985249669952992,77.65074296066253,0.17271081965047635,255,165,50
12.883872163750558,77.48667436190695,0.6712977863230134,255,65,50
13.037628369581453,77.56284223683325,0.08290992170323494,255,183,50
12.99874264864355,77.65641372631977,0.08370368498282837,255,183,50
12.950577347824776,77.59510964340565,0.02111387261459506,255,195,50
13.020562967301114,77.64282603747424,0.06788206316086605,255,186,50
12.99507198083705,77.47948489544366,0.17156142710089495,255,165,50
12.939654594504045,77.60328625750674,0.1663101395303018,255,166,50
12.874586692473375,77.60537518720976,0.10850331077382801,255,178,50
13.027141010737859,77.52679830679564,0.07933228897811334,255,184,50
12.928509535999043,77.63356435851189,0.0,255,200,50
12.951932077029017,77.72775912085741,0.18287093289613063,255,163,50
12.962177422659277,77.51785013182476,0.04910688811110084,255,190,50
13.058810771642344,77.61282291605971,0.051076890440573806,255,189,50
12.933108034170022,77.71373978117882,0.1615696624729224,255,167,50
13.028917351032078,77.6208014504858,0.17760415281628825,255,164,50
13.025297647156691,77.7092128318418,0.004115771914226652,255,199,50
12.925966359146987,77.61695952930626,0.040109493612848914,255,191,50
13.086409659843884,77.56334565148985,0.08848870491474783,255,182,50
12.891498737656987,77.53924409748839,0.009803290821306468,255,198,50
12.967517434190187,77.52619491051284,0.021388887182367203,255,195,50
12.918275705877255,77.57267138162905,0.11553713064702098,255,176,50
13.036680941616927,77.6568181230896,0.016056630018948526,255,196,50
12.924447007520783,77.49536534481054,0.09602967912073421,255,180,50
12.882076668419861,77.66899050885422,0.12054344066655454,255,175,50
13.000360123465766,77.49335801388546,0.20572669542921015,255,158,50
12.926676895467816,77.54512580440972,0.07791797220781063,255,184,50
13.073240611152816,77.52450204837595,0.1358065568284832,255,172,50
12.97865173722969,77.49590521598464,0.048757454328439996,255,190,50
13.028466142727495,77.66502271969317,0.08688477728539289,255,182,50
12.858161391442463,77.62177936986308,0.257540354500469,255,148,50
12.967029721563827,77.57593524613668,0.10067487919038506,255,179,50
12.98485211793776,77.68942895075526,0.06884402072109716,255,186,50
13.059005649906206,77.59347314252216,0.07074332906125569,255,185,50
13.067080100893174,77.59908676647206,0.20404980433926512,255,159,50
12.942059264521339,77.63370659950027,0.22328293024890777,255,155,50
13.000415199485834,77.75592418214069,0.03714259558072722,255,192,50
12.89970957398553,77.531038198171,0.011842733694145792,255,197,50
12.955608977453483,77.63384900232082,0.1792549920720386,255,164,50
12.925491114660423,77.66392539105553,0.057236335924143004,255,188,50
13.066603009670622,77.64607984095235,0.2423412173947219,255,151,50
13.038089322775944,77.51585154222028,0.1135373615415643,255,177,50
13.048523392223458,77.55742546672977,0.0035026258636682126,255,199,50
12.978518708440442,77.5097231173399,0.07032401288907167,255,185,50
12.888895583266626,77.52816666016298,0.2011602608534739,255,159,50
13.01564545429448,77.59302128792046,0.13877943838114118,255,172,50
12.998343846337875,77.69510162511828,0.1872804053973293,255,162,50
13.080907015788718,77.57158334638491,0.23912250692181802,255,152,50
13.023413449318761,77.62903585459904,0.10235192688973582,255,179,50
13.03168318864623,77.61530214011704,0.07750063722428688,255,184,50
13.097001270056543,77.58834044862822,0.03707456061696116,255,192,50
13.02829499863424,77.68160526426924,0.14397831642505068,255,171,50
13.113261320655253,77.58851048994464,0.008658224449497157,255,198,50
13.064947559028958,77.54100621160198,0.1728226794139284,255,165,50
13.099655687511888,77.59389824092578,0.1542557888835069,255,169,50
12.842769162038289,77.53322907450442,0.534592858245989,255,93,50
12.894074427535866,77.55308422406067,0.026937022353797576,255,194,50
12.92697156896491,77.51473333338907,0.06968062394304557,255,186,50
13.01619240363525,77.53774411139331,0.007246788233550568,255,198,50
12.942502227712913,77.58949949446162,0.134500246324997,255,173,50
13.000880929919784,77.71171119781191,0.06343803890598881,255,187,50
12.972776185006582,77.54283033616026,0.03206264084281859,255,193,50
13.06467420450455,77.56865045807966,0.022357519857551703,255,195,50
13.124212385391488,77.57756387844326,0.33778816610233026,255,132,50
12.996425732993696,77.61769612909774,0.12899239582986918,255,174,50
12.910974823380004,77.48694218060794,0.18899639259593576,255,162,50
13.017052606024917,77.72017859011231,0.1604882901211774,255,167,50
12.87735162046328,77.5998786957905,0.1604038678624271,255,167,50
13.118930407217247,77.56368239777585,0.18834561188999344,255,162,50
12.969630092964206,77.58701639529524,0.03073273534076323,255,193,50
13.000227011712802,77.5071771422997,0.2570032637508162,255,148,50
13.069762259851892,77.6018795211285,0.12812297550089702,255,174,50
12.982199438095485,77.68387335711228,0.14540345438051638,255,170,50
12.958009642282015,77.66427089387707,0.030740339051735375,255,193,50
12.904451900375296,77.60015855229474,0.02532586958615272,255,194,50
13.032749395580806,77.50750427194355,0.17049689771555507,255,165,50
12.921256618296255,77.54507086925709,0.13124859468992112,255,173,50
12.941208555403382,77.7165904330882,0.21286345943014578,255,157,50
13.026705898159255,77.57102257167094,0.06546012242885739,255,186,50
12.938585030005456,77.70827305221373,0.17990583018543735,255,164,50
12.994075436704568,77.58174169840002,0.04764555874761224,255,190,50
12.967355917234492,77.54277524797513,0.09655957803089918,255,180,50
13.061211514289845,77.64325790173513,0.06866657246508762,255,186,50
12.976836777594231,77.6782888335147,0.14855735841662057,255,170,50
12.871377482212793,77.65506547052098,0.14763731994794313,255,170,50
12.916050810814824,77.52291336986498,0.027407541629801965,255,194,50
12.928952019907024,77.58935963444566,0.13718196919756964,255,172,50
12.91507099261923,77.62237184705974,0.1012953641459181,255,179,50
13.016541616573624,77.50181260369304,0.35999739857154506,255,128,50
13.091994155284105,77.54681335721534,0.08284022648643988,255,183,50
12.880198443730514,77.58609514004121,0.0028018009266575026,255,199,50
12.992042986138093,77.51262292739625,0.10378631409231157,255,179,50
12.965206359205128,77.48471618374816,0.02002264430040643,255,195,50
13.000066308863232,77.52375989276062,0.09849481978728984,255,180,50
13.121557689465071,77.57200559003971,0.13597334380936843,255,172,50
12.924949983844972,77.71641440813003,0.01108063151312519,255,197,50
13.078196965855991,77.57155524749497,0.1479959256809222,255,170,50
13.053916207884445,77.56024552589177,0.0737219631747129,255,185,50
12.981681027171273,77.73361028212386,0.13371297683964553,255,173,50
12.935367164409412,77.48718373988861,0.01206914593193003,255,197,50
12.947646211377691,77.61718571211586,0.21282892688312421,255,157,50
12.929920292059151,77.48989309146367,0.10143556074695398,255,179,50
13.105159061966539,77.58566063663969,0.07342415620542946,255,185,50
12.926241976482354,77.58933168153376,0.06720853748643267,255,186,50
12.956134731991046,77.58135005218219,0.059312340604491115,255,188,50
12.900081150507281,77.49236046821143,0.3993287974458451,255,120,50
12.99472642095929,77.5154139305883,0.11911680513303502,255,176,50
13.005540351291186,77.51828703346423,0.16824929065512786,255,166,50
12.891093240527123,77.58068155208147,0.0009911749049434312,255,199,50
12.882301049286893,77.64689306374714,0.12099857279129093,255,175,50
13.075869526623295,77.5328234363386,0.12939176748303377,255,174,50
12.958037904494752,77.66150789089338,0.06178766780130436,255,187,50
13.064974732213411,77.5382417524249,0.08151607218982661,255,183,50
13.045233009143221,77.61544456144757,0.06376728712520596,255,187,50
12.962257487770449,77.50956000248127,0.02708807216527897,255,194,50
12.90751684378461,77.56427245436193,0.014056915559532973,255,197,50
12.901796774691848,77.59460547751144,0.003668812952874278,255,199,50
12.993152744641863,77.67293638699861,0.1326994049305423,255,173,50
12.959386923202745,77.52611286223275,0.01763984524943607,255,196,50
12.957409381101938,77.72229243311273,0.05060432011925261,255,189,50
12.861579730431817,77.5499926319454,0.19893066934375064,255,160,50
12.945969620280847,77.51216031349202,0.1583591035677768,255,168,50
13.0213678944797,77.56267488626926,0.11222302812995127,255,177,50
12.996286047634179,77.63151368950498,0.17356575090810547,255,165,50
12.935314399493453,77.49271000123674,0.11916213493523287,255,176,50
12.93638703136215,77.65851491797757,0.2878542991935159,255,142,50
13.02114831491829,77.58478608546129,0.11086286844342183,255,177,50
12.88780460273916,77.63866318996457,0.08095419554864976,255,183,50
12.845157359691548,77.56640042864562,0.3182061722056384,255,136,50
13.085966340896322,77.60757918591385,0.04084693379124654,255,191,50
12.850442127224813,77.58026559380102,0.10516095350009835,255,178,50
12.897632756434344,77.46470623495141,0.530622139531787,255,93,50
12.961962628002357,77.53995687049971,0.022256219501057432,255,195,50
12.989429607112655,77.76962014842924,0.4028246939562793,255,119,50
12.880034205541655,77.60266893611357,0.10056999350059312,255,179,50
12.952618143924921,77.66145030122134,0.23399181116112394,255,153,50
13.08317242303649,77.61584419763814,0.07223093632508146,255,185,50
12.86455714751125,77.52239747850963,0.11076434682500784,255,177,50
13.00404900668165,77.66752547510178,0.11094933514055835,255,177,50
13.094235690664464,77.59384147808046,0.10171362729218675,255,179,50
12.852933929559063,77.60238935828927,0.040967392084875945,255,191,50
12.885399250802527,77.60824959451936,0.05786724923114561,255,188,50
13.092157455479915,77.5302247758379,0.20051302828713688,255,159,50
12.893391176826619,77.62214580659791,0.26700262425655874,255,146,50
13.078498140810854,77.54114495511702,0.1466935964543465,255,170,50
12.89173889325854,77.51438094967786,0.05530077423990328,255,188,50
12.960463784427072,77.68916672798227,0.11715972824433345,255,176,50
12.97340629191555,77.74733638150892,0.05115405780916529,255,189,50
12.922497801425132,77.69152244039871,0.09294266082749301,255,181,50
13.027435782263844,77.49639319946095,0.03386988740833293,255,193,50
12.914425220497483,77.68591041144717,0.12144356627036913,255,175,50
13.091414222835875,77.6048716035773,0.057303896566691076,255,188,50
13.059363733472493,77.55753702039664,0.12120591210229018,255,175,50
13.034918291958872,77.56281432930274,0.10836278820897141,255,178,50
12.861793737168586,77.5278948867758,0.03683941791595881,255,192,50
12.906210402151427,77.69411066495836,0.020876191457792796,255,195,50
13.023940929006583,77.57652245919748,0.07321767782321013,255,185,50
12.885178077636201,77.63034800238786,0.2295814391885509,255,154,50
12.85092635546346,77.53054847286896,0.2939666952680013,255,141,50
12.934234571566273,77.60323000946308,0.06278697179909952,255,187,50
13.017965529115255,77.6317424086781,0.0058069026005165515,255,198,50
12.938063679373561,77.75800030746028,0.4216860899057211,255,115,50
13.039868884770536,77.60985953245726,0.06985398163653973,255,186,50
12.909651042399798,77.62231529829364,0.14146378944354032,255,171,50
13.05855809108693,77.63770073278661,0.16694675848641266,255,166,50
12.890374871894423,77.6525030817677,0.23614959323678034,255,152,50
12.981441449972762,77.48764136979257,0.031809414875938496,255,193,50
13.026978725967819,77.54338259419269,0.09173497049401924,255,181,50
12.868499118892279,77.67160905806455,0.3159598575864815,255,136,50
13.065352058681585,77.49953867068878,0.025931109205822266,255,194,50
12.887524586337866,77.66628571928784,0.08168130569985592,255,183,50
12.910308167507628,77.5560119810659,0.11376658843528385,255,177,50
12.891712325707598,77.51714354645136,0.043027473730735656,255,191,50
12.958926852906819,77.57308837765267,0.032574006421279285,255,193,50
12.845021968285577,77.58021024039144,0.19568062066754285,255,160,50
12.894449102781584,77.51440801905176,0.05546994126377708,255,188,50
12.895962293289767,77.63598602427619,0.1394159752978264,255,172,50
13.121139809331748,77.61348017561659,0.08032132576842857,255,183,50
13.11317779818767,77.59680513527272,0.0770901755365709,255,184,50
13.06792813874904,77.51338877456416,0.1570593865704929,255,168,50
12.989810163651038,77.73369922308638,0.11889477906646398,255,176,50
12.874087393708383,77.65509400676093,0.07193152863895134,255,185,50
13.086491939943848,77.55505168297992,0.11479978875266374,255,177,50
12.964726655167548,77.53445766211274,0.06516407613758886,255,186,50
13.058416681168346,77.65152151508732,0.05450627942116164,255,189,50
12.906352443459875,77.68029877191607,0.20658443832701917,255,158,50
13.014573871065867,77.69804084701293,0.03625378415575862,255,192,50
12.907598048923386,77.55598442907709,0.033342320451501026,255,193,50
12.883260839510472,77.55021189613358,0.09805709446762206,255,180,50
12.983992432818624,77.50425027672158,0.08775914088190523,255,182,50
13.01088006514689,77.52663344579514,0.12844305093261102,255,174,50
12.95063234493801,77.58958348684824,0.0,255,200,50
13.107729931429091,77.59951305669283,0.028401765238348864,255,194,50
12.914959791902099,77.63342227931385,0.0186456176552364,255,196,50
12.986299780741971,77.54573174289794,0.09078837482546064,255,181,50
12.97980167924016,77.6534487469563,0.13876437990426913,255,172,50
12.850333244882622,77.59131356560826,0.16339272015916673,255,167,50
13.070745695248993,77.50235785254299,0.07502727870979398,255,184,50
12.927312481132734,77.74959380533718,0.11301533990978774,255,177,50
13.121363508414053,77.5913605755378,0.08819976431601313,255,182,50
12.946599252160844,77.71941191301069,0.11314528685835835,255,177,50
13.083781855961236,77.55502375226675,0.0646584902466895,255,187,50
12.920656938968708,77.60585222345104,0.04133871963172195,255,191,50
12.944460266711102,77.6641268197807,0.32782983068069926,255,134,50
13.018983584228318,77.52947982183349,0.08979713103418042,255,182,50
12.886078421093735,77.53918944350262,0.16337041122560264,255,167,50
13.03540599022115,77.51305996050844,0.15303132720190746,255,169,50
12.855201742627912,77.64660868686128,0.44096678755447616,255,111,50
13.005405860595033,77.53210618306863,0.17874175111498738,255,164,50
12.946570400872004,77.72217465785653,0.18492387400854385,255,163,50
12.974634473560636,77.6285221245378,0.0457497110391435,255,190,50
12.878134729940431,77.5197705863612,0.36897176108509233,255,126,50
12.956271333744013,77.56753415631366,0.16280353198489156,255,167,50
13.025210814697774,77.7175037258906,0.05185173958980365,255,189,50
13.064062440613737,77.62946556417607,0.17507221960118652,255,164,50
12.882495856462677,77.62755745792316,0.1619929916898223,255,167,50
12.894101379241047,77.55032167853105,0.09946895914596059,255,180,50
12.898504609715854,77.65258875800627,0.05410349092456784,255,189,50
12.93523503307699,77.50099934728942,0.15019468897170676,255,169,50
12.98967782265674,77.47666732819101,0.2461057858233944,255,150,50
13.007125793386368,77.63162799729506,0.14755676002647586,255,170,50
12.948902340303627,77.7581195504702,0.3346292386430442,255,133,50
13.02287535651028,77.68154691440381,0.19806749392082812,255,160,50
12.965285387724279,77.47642574381653,0.23253741379990575,255,153,50
12.872366451085297,77.55562682453998,0.00015699564514631262,255,199,50
13.056708284821923,77.55198045366939,0.11096727486160439,255,177,50
13.091608982249175,77.58551916612453,0.0,255,200,50
13.077920069528766,77.5992003030056,0.12267825842948296,255,175,50
12.918760997452946,77.52294058401502,0.07824063828397691,255,184,50
13.088648347084028,77.61037226742219,0.02555160740765513,255,194,50
12.966560395501329,77.62291034606878,0.09951111428115819,255,180,50
12.930627259369642,77.69160960009013,0.010747000403464498,255,197,50
12.988545250744941,77.59273970836699,0.07660759943323568,255,184,50
13.037981628680912,77.52690833850943,0.18203668999498349,255,163,50
13.013536305094387,77.53218872801149,0.06846666715601435,255,186,50
12.895626054597571,77.6691341266761,0.038251648324728486,255,192,50
12.863219753569549,77.65774187762297,0.09087005604070374,255,181,50
13.062588315468316,77.50504041792976,0.0688348034753869,255,186,50
12.906465552324155,77.669249138931,0.036539660904954474,255,192,50
12.945512531371323,77.55913382631459,0.1336067425239322,255,173,50
13.088815691302411,77.59378474079641,0.15058532490422094,255,169,50
13.126559709904905,77.61353748959279,0.20085898270866406,255,159,50
12.964914333760118,77.51511399162308,0.048596209294541524,255,190,50
12.87839909941829,77.49214588533324,0.44993597436729754,255,110,50
12.882716748994447,77.60545923568559,0.04474336574493125,255,191,50
13.055791716198282,77.64320023524894,0.09166611325636836,255,181,50
12.94887307375794,77.7608822308105,0.42787210456366054,255,114,50
12.933136766713528,77.71097716511875,0.07688401011539751,255,184,50
12.983508309262913,77.55399473774686,0.07371482022642717,255,185,50
12.980193727974985,77.61476240631953,0.23495407880074862,255,153,50
12.97604737927232,77.48482385201557,0.16526950145696426,255,166,50
13.065325298588352,77.50230321676088,0.007444537690322018,255,198,50
13.083617065094398,77.57161145160917,0.2554037641448389,255,148,50
12.933648962238124,77.66124894343464,0.1862430689565405,255,162,50
12.957696827952558,77.69466349292362,0.06835783805139017,255,186,50
12.988072122927145,77.63971821613856,0.2248503232077368,255,155,50
12.943392218367842,77.49831722526247,0.1677108227312459,255,166,50
12.968363780593787,77.71135834216221,0.05768008857979041,255,188,50
13.009211728642759,77.69245521406754,0.08519978491598079,255,182,50
13.054215504949909,77.5298379365198,0.08955483168749737,255,182,50
12.856051793819107,77.56098636445181,0.34265402421548224,255,131,50
12.908421812753774,77.47033822511996,0.13131353602139076,255,173,50
12.947479151565883,77.63376354120629,0.05308328660486903,255,189,50
13.003590688272164,77.71174064579859,0.12766199780887968,255,174,50
12.9608605646256,77.6504844989757,0.045666260503776084,255,190,50
12.874914328686083,77.5722281535537,0.08679573178811517,255,182,50
13.022989521074468,77.67049215084377,0.05494967768233341,255,189,50
12.95492977861862,77.70016011875394,0.2735748334733463,255,145,50
13.011806522435927,77.70353854512123,0.1462769339210184,255,170,50
12.92543464933123,77.66945066282973,0.0347698610576286,255,193,50
12.93491493905514,77.5341561764123,0.03999645334997766,255,192,50
12.900961053532864,77.67747867622805,0.08475687926746975,255,183,50
12.948599756921165,77.52047714013213,0.00950222515149237,255,198,50
12.91967381641421,77.7025434162133,0.25184792648968485,255,149,50
13.037019213054094,77.62365101269562,0.1495593522030288,255,170,50
12.88063129591651,77.54189723676527,0.002024113213449727,255,199,50
13.078525343143362,77.53838034539089,0.08384203618437153,255,183,50
13.115663709192743,77.61895260227064,0.10829613035876147,255,178,50
12.961000882450055,77.63666910670068,0.003268067566827308,255,199,50
12.914876085332747,77.64171003559369,0.03894284594937822,255,192,50
12.881003936106964,77.50322275953624,0.13135593383253322,255,173,50
12.966054242922988,77.67264665496165,0.05589905790015801,255,188,50
13.140444788586409,77.58049879244756,0.17892551194573017,255,164,50
12.858353989704751,77.60244522274,0.0199531219240843,255,196,50
13.01391127106916,77.49349346113536,0.2141369761302832,255,157,50
12.946280281420446,77.74980173721876,0.15203368989606061,255,169,50
13.078633857108747,77.52732184402893,0.0,255,200,50
13.026095324329356,77.63182828521121,0.12140439049790967,255,175,50
12.975459278487078,77.54562134693933,0.04977271765611105,255,190,50
12.989598640439118,77.48495857485949,0.08424295313425052,255,183,50
12.952533306248355,77.66973911167803,0.26987363558880484,255,146,50
12.949048234826783,77.7443060472213,0.1226278873972008,255,175,50
13.064174732299481,77.61840850313628,0.07393414965396058,255,185,50
12.969602596687848,77.5897796919076,0.0,255,200,50
13.091048684032877,77.64081100856824,0.044028150140615396,255,191,50
12.988928522797996,77.5540501401409,0.10847673313262476,255,178,50
12.978708605882694,77.75844802807025,0.0053999696985764555,255,198,50
12.957022789849896,77.49016224709422,0.07997585390242003,255,184,50
13.066744215644237,77.6322585424425,0.07504349007697489,255,184,50
13.067630468111386,77.54379843080359,0.27070212752469014,255,145,50
12.842284728566435,77.58294448702799,0.1439619595707665,255,171,50
12.931107670612535,77.64464383598099,0.2011574185940209,255,159,50
13.044980334655884,77.64032096764196,0.2930231216850826,255,141,50
12.928425738672845,77.64185256066911,0.0699557910995514,255,186,50
13.02045000286087,77.65388094318195,0.015359107480719999,255,196,50
12.860816077405447,77.62733156203488,0.2704781004467827,255,145,50
13.017398477863855,77.68701581328135,0.07302657793055073,255,185,50
12.901686859183904,77.60565557275272,0.08952139567033188,255,182,50
12.96608261124932,77.66988358217964,0.020943155940822133,255,195,50
13.02273198946271,77.69536522033458,0.1369884705050643,255,172,50
12.965100577980374,77.49577001808301,0.0,255,200,50
13.053998188094841,77.55195262223886,0.033680613067277536,255,193,50
12.95673031007948,77.52055893500089,0.05491967043455717,255,189,50
13.053861407026755,77.56577409681891,0.16800267758221343,255,166,50
12.884870926063941,77.66073263748093,0.14195426993801133,255,171,50
12.970842169711087,77.733491788282,0.12443091308257717,255,175,50
13.004666925731463,77.6067268780102,0.08501021455710353,255,182,50
12.95527148307802,77.66700503258377,0.14017995033174963,255,171,50
13.043185039304609,77.54907716575825,0.14042818647915548,255,171,50
12.958206863643023,77.64492973582512,0.01137341377918537,255,197,50
13.001984679182147,77.60393495024132,0.08534849835923101,255,182,50
13.03840957838783,77.48268056052558,0.26401967508861013,255,147,50
12.947618441132596,77.61994869975376,0.14864564342236908,255,170,50
12.928087923579197,77.6750047831986,0.10719980255982317,255,178,50
13.077640220276612,77.62684471832773,0.19811589368304197,255,160,50
13.012433240945285,77.64273984024928,0.1263315089281896,255,174,50
12.925007440765135,77.71088936109518,0.19791196238812747,255,160,50
13.030918831234107,77.6899257223608,0.09209503301876923,255,181,50
12.994239767029221,77.56516009573603,0.1867662108554208,255,162,50
12.942991621760525,77.5397645549936,0.04464240980018088,255,191,50
12.967837306010875,77.49303356614232,0.0,255,200,50
12.93356425296927,77.66953712859677,0.2334836048368626,255,153,50
12.986835466049754,77.49045902548019,0.008014985450954299,255,198,50
13.01209315660627,77.67590316492861,0.05056264953738284,255,189,50
13.075154356629676,77.60470078353505,0.04271518504876589,255,191,50
12.909539889905897,77.63336549292659,0.0008451309275608291,255,199,50
12.986755861013144,77.49875009063769,0.08022798669999669,255,183,50
13.06992882204348,77.58529314450271,0.10987150723306785,255,178,50
12.924394113223645,77.50089133130804,0.07505803462384987,255,184,50
13.115607393687549,77.62448229131961,0.06584135596183173,255,186,50
12.893307964593093,77.63043292809606,0.15492520735780654,255,169,50
12.93268323970581,77.48439376544134,0.010458403161473217,255,197,50
12.891871294474088,77.50056787330433,0.5108911889157948,255,97,50
12.920490940351195,77.62242842159738,0.15987659919746022,255,168,50
12.999191381268359,77.61219741763156,0.060634262464683605,255,187,50
13.0569796943528,77.52433673339996,0.23281044373844859,255,153,50
13.021422495371425,77.55714702326826,0.1414453367684022,255,171,50
12.911630036555934,77.69416874483353,0.0,255,200,50
12.9873897547926,77.7060376132431,0.10279251314646098,255,179,50
12.923145335086897,77.62798212589058,0.11819454618626427,255,176,50
12.919386364822879,77.730167990031,0.10028316649662965,255,179,50
12.895597845565964,77.67189642609303,0.07053782008890055,255,185,50
12.917220178521545,77.67765184705895,0.0132198223003431,255,197,50
12.997968381675177,77.73102493951336,0.02915231887601819,255,194,50
12.899086736954375,77.59457752886176,0.09773474654170503,255,180,50
13.140500262838275,77.57496835392466,0.30788739545281185,255,138,50
13.063637144050013,77.6709286168636,0.14600992532811524,255,170,50
12.873947029242158,77.66890441680982,0.22952391981218173,255,154,50
12.88498302459012,77.64968377026648,0.14838896051311665,255,170,50
13.017197233401399,77.70636088288447,0.1779205201552906,255,164,50
12.97991427910665,77.64239563646939,0.03243993319074057,255,193,50
13.005189148468379,77.55421649811294,0.06482432368957151,255,187,50
12.978704743600947,77.49037801242304,0.11905378434501841,255,176,50
12.98558585678517,77.61758252286889,0.0801297542339907,255,183,50
12.999985561152485,77.53205118425826,0.0013972332244152875,255,199,50
13.056898581093746,77.53262991505756,0.2178128894024778,255,156,50
13.03559307495846,77.49371049583544,0.18049513262768782,255,163,50
12.894555104981244,77.50335745160098,0.40283845038352306,255,119,50
12.893252344292591,77.63595764347018,0.10077999203264844,255,179,50
13.050792336748303,77.60168082327849,0.11110025503390947,255,177,50
12.847975283795927,77.55537987346617,0.5977726873393467,255,80,50
13.044611149315948,77.67625262362823,0.15900537953782193,255,168,50
13.013292214147642,77.5570636129616,0.0207491089767084,255,195,50
12.985446291866621,77.6313994852864,0.18409918429006425,255,163,50
12.988710213954015,77.57615861681373,0.007573691337641578,255,198,50
13.09431899944946,77.585547447487,0.01429883294260727,255,197,50
13.037158908679444,77.60983110823074,0.09938964430097373,255,180,50
12.848002165009802,77.55261783751806,0.5262502925441618,255,94,50
12.948330969054654,77.5481089479381,0.04427913638576088,255,191,50
13.056128728147064,77.61003021273937,0.15360947948898804,255,169,50
12.995748555073396,77.68401893595002,0.02651106180004402,255,194,50
12.999605245595593,77.57074313363961,0.01007005049078464,255,197,50
13.043212254218345,77.54631296589228,0.05021299246037596,255,189,50
12.98090658200769,77.54291301533942,0.12029715603218129,255,175,50
12.989751938894043,77.73922559362032,0.1648196584560922,255,167,50
12.920043145457987,77.66663047862063,0.04836941524931313,255,190,50
12.992069708624918,77.50985921613646,0.03487173280132293,255,193,50
12.87005719490829,77.5141646169992,0.34493984594489563,255,131,50
12.842447249788792,77.56637290912349,0.3954459373326397,255,120,50
12.894607931423867,77.49783213095249,0.5666578335278987,255,86,50
13.118875264667498,77.5692124029885,0.013733285186574238,255,197,50
13.00173392957738,77.62880727145183,0.036606780477244694,255,192,50
12.844885852193341,77.59401989381452,0.2075763596236149,255,158,50
12.964994328355168,77.50682375422147,0.04900597312585064,255,190,50
12.911857051661865,77.67206916187818,0.0,255,200,50
13.104541423116125,77.64648483964791,0.4993090796337397,255,100,50
12.95596984475524,77.59792891772203,0.0984602123042424,255,180,50
13.035566436884416,77.49647472354506,0.11437857208051797,255,177,50
12.924776913222674,77.73298938883622,0.02126151087496368,255,195,50
12.931524559164528,77.60320189503815,0.03691880097107799,255,192,50
13.118569862333915,77.59962697744994,0.11352228333378642,255,177,50
13.037655719997696,77.56007812847065,0.12278396454559944,255,175,50
13.102642523697693,77.566278735471,0.16397504009314123,255,167,50
12.92944088443123,77.5396273740742,0.07627875374998451,255,184,50
13.032480276090741,77.535145662023,0.0813106865633252,255,183,50
12.936103876196574,77.68614233517839,0.0786500384258771,255,184,50
12.948653163691976,77.51495070399825,0.026045432545941286,255,194,50
12.923993685766726,77.54233544267645,0.15087945794626634,255,169,50
12.888761756054507,77.541979278606,0.05761089366461138,255,188,50
12.897397213322515,77.48957091246746,0.5111393119914771,255,97,50
13.080518450835143,77.61028666696404,0.0,255,200,50
12.912416431280079,77.61681837405806,0.021852949191695968,255,195,50
12.855943676402598,77.5720347498036,0.03258387228695909,255,193,50
12.926405946452375,77.57275466701314,0.0703458418640788,255,185,50
13.004499811372302,77.62330862445181,0.11661483586678571,255,176,50
12.892029215506806,77.48399197903606,0.7054941701702123,255,58,50
12.91041605652997,77.54496107399788,0.21320445145188419,255,157,50
12.894315945092401,77.52822108934534,0.0719221681809745,255,185,50
13.064811250549848,77.55482841348623,0.15594765938532118,255,168,50
12.923586693933737,77.58377814833389,0.04724833342303827,255,190,50
12.993576109630922,77.63148512874136,0.25482055793614466,255,149,50
13.043239439679118,77.54354875975768,0.021004517807562493,255,195,50
13.036878781641347,77.6374707557125,0.2513094961931926,255,149,50
12.882881197332377,77.58888530008822,0.07337563817645665,255,185,50
12.877570092115633,77.57778043624516,0.06398624426367869,255,187,50
12.86979067376581,77.54178793503719,0.11237638014179221,255,177,50
13.031877854680479,77.59595451409042,0.09545324180558114,255,180,50
12.978572007873677,77.5041959752686,0.035667315123573226,255,192,50
12.919184435053957,77.47873374306785,0.10070249687051178,255,179,50
12.87488718547925,77.57499044125863,0.009248255659864028,255,198,50
12.964807264480799,77.52616755487445,0.03403318844721392,255,193,50
13.050680872639758,77.61273743754506,0.1629605378804173,255,167,50
12.926595917149934,77.55341452917308,0.009823838180949208,255,198,50
12.980662066610956,77.5677844428798,0.13479838143400186,255,173,50
13.022501073847394,77.7174741645822,0.11268185415810747,255,177,50
12.940787677856708,77.48723748696881,0.05906928542787139,255,188,50
12.960577735171878,77.6781147939602,0.1885710709683721,255,162,50
13.042911270322774,77.57671881814915,0.037466687948999926,255,192,50
12.97982987315037,77.65068547910573,0.10443975115158262,255,179,50
13.036538744478136,77.67063747517295,0.14607094111667743,255,170,50
12.871293368972054,77.66335164735922,0.020292800302487306,255,195,50
12.977979267381944,77.56499317110237,0.016388951385977655,255,196,50
12.95041165491925,77.61168795975318,0.16777968723047332,255,166,50
12.95538444901777,77.65595312681764,0.14543155872890817,255,170,50
13.025841441903125,77.65670245041032,0.22541069714865525,255,154,50
12.951845135034336,77.7360474536876,0.24316271475816822,255,151,50
13.003532870228995,77.71726742263176,0.06253463356927058,255,187,50
12.887636941861285,77.65523678575292,0.1982803785886228,255,160,50
12.848136136120385,77.5388075639281,0.3340936041137502,255,133,50
13.064202731483244,77.61564422174008,0.016053815404976135,255,196,50
12.94320609149795,77.51765948582319,0.12456924099230714,255,175,50
13.042856163122032,77.58224707272502,0.047168223676766485,255,190,50
12.90652193202171,77.66372428307015,0.03723627091894979,255,192,50
12.890736514381784,77.61659285995269,0.10427599726966025,255,179,50
13.105325023162518,77.56907167940795,0.05063918810870533,255,189,50
13.013210321609167,77.56535512826292,0.12329707966611402,255,175,50
12.894128301841661,77.54755912673706,0.1721299854041805,255,165,50
13.089501505467473,77.52466758719787,0.19208756002379668,255,161,50
13.056790017277057,77.54368740326034,0.2557742352216566,255,148,50
12.981593702599184,77.7418995589453,0.0,255,200,50
12.93759822802766,77.53694661159419,0.09016329823165832,255,181,50
12.978757632743172,77.4848507843602,0.07891796746405678,255,184,50
13.053613344136936,77.59065235249291,0.14610845578704137,255,170,50
13.021531344339076,77.54609122180239,0.16508022534090216,255,166,50
13.129241545517365,77.61633116804927,0.2205068936700448,255,155,50
12.912828316534398,77.5753785926162,0.06183968103000181,255,187,50
13.003820786608687,77.68963327217894,0.08753923769637274,255,182,50
12.88827395614762,77.59170340654516,0.006430030179657703,255,198,50
13.02315988608218,77.65390980849477,0.10158046395062041,255,179,50
12.980933603850296,77.54014949202818,0.07117824758587446,255,185,50
12.916647731471956,77.73290093160398,0.10977142809058009,255,178,50
12.92786037967922,77.69710573975773,0.01706796870438831,255,196,50
12.989781065927877,77.73646241171832,0.1318662666024961,255,173,50
12.935470660341311,77.74692031987217,0.06585299458152885,255,186,50
13.001424229510485,77.65920606327441,0.04380108421221135,255,191,50
12.992432474605247,77.74201851888556,0.16380470708079173,255,167,50
12.971812583108283,77.63954652745508,0.0330022829604958,255,193,50
12.928481632733897,77.63632709904492,0.03508769736757192,255,192,50
12.925093407429548,77.70260174060442,0.15061095879743958,255,169,50
13.057301493469705,77.49116344916239,0.17745127460285928,255,164,50
12.884927033474456,77.65520821691445,0.1153569421692605,255,176,50
12.863910806603052,77.5886905200842,0.024732519645733857,255,195,50
12.942937712124348,77.5452907599907,0.06468434565036488,255,187,50
12.901548809661739,77.61946804773929,0.07282235561618494,255,185,50
13.067548665478247,77.55209184223345,0.13484975684292683,255,173,50
12.955328024522581,77.66147909278602,0.14297842457480855,255,171,50
12.916395347921664,77.4869958176656,0.17211365739161416,255,165,50
12.973044910434998,77.51519571892467,0.0651331961446054,255,186,50
12.919000099864936,77.49807442949196,0.06030836179306708,255,187,50
12.898420400810991,77.66087584336606,0.12976406435077678,255,174,50
12.94044246831423,77.52315852042697,0.017845236153581003,255,196,50
13.025869768675276,77.65393868033843,0.18780182042052082,255,162,50
12.917163458418825,77.68317687481968,0.029801849470822053,255,194,50
12.945942966514853,77.51492351103572,0.11514828858399351,255,176,50
12.85323358075053,77.57200714595477,0.01687118362669737,255,196,50
13.077864335902163,77.60472923750231,0.1002634259022379,255,179,50
12.879535212756688,77.65238893798129,0.07540053584956508,255,184,50
12.981739097092987,77.72808406395431,0.27096178437577295,255,145,50
12.930655752285377,77.68884696067131,0.010284656793801921,255,197,50
12.926214546035958,77.59209449505617,0.03448893307786494,255,193,50
12.858408756635455,77.59692112310594,0.15697722645592294,255,168,50
13.09149786852374,77.59657774017884,0.1827664752406335,255,163,50
12.887943520386981,77.62485168187527,0.2227268820830981,255,155,50
12.897212382529972,77.50890976385773,0.1966456779440613,255,160,50
12.921630882190177,77.50639024510997,0.16359482703402892,255,167,50
13.083340050078053,77.59925710968237,0.04053743050751863,255,191,50
12.945349189358282,77.57571228083998,0.05785143191912697,255,188,50
12.915015450553435,77.62789707609961,0.004691473631114937,255,199,50
13.070503422659208,77.52723903090323,0.0372009839741822,255,192,50
12.921577765971973,77.51191612290418,0.17934513252313986,255,164,50
13.004415857887697,77.63159941063655,0.05480613523794412,255,189,50
13.10244904728013,77.58563232979543,0.0,255,200,50
12.894369295491234,77.52269587981125,0.06394581415904461,255,187,50
12.932391971354754,77.5147876389536,0.04581954241886312,255,190,50
12.866511491155554,77.59976693196334,0.003347915387384658,255,199,50
12.978277410421896,77.53459495032682,0.030241067823860185,255,193,50
13.043401933914215,77.52696339168813,0.054405095262340164,255,189,50
12.954987021705081,77.69463433711734,0.11718206004993602,255,176,50
13.08873215218732,77.60207853295435,0.022284429639862723,255,195,50
12.912609460420526,77.59747998800843,0.035175108469966146,255,192,50
13.001480802732184,77.65367906882635,0.1723204556088656,255,165,50
12.945019349437414,77.60886850463206,0.10657415757019147,255,178,50
13.028636228143647,77.64843993900719,0.06120539331818906,255,187,50
12.925207621365526,77.6915514870157,0.11444840730616049,255,177,50
12.866648134965018,77.58595615951533,0.11055508309793852,255,177,50
12.950272773658003,77.62550304688473,0.032908467618639636,255,193,50
12.9188941237855,77.50912611540431,0.05605705783751006,255,188,50
12.972910913850162,77.52901310528677,0.02025400298478058,255,195,50
12.877974712874313,77.53634511038561,0.12775394279357194,255,174,50
12.850631554808519,77.56093139955648,0.3942825697579182,255,121,50
12.999357719353256,77.595615876259,0.0661576419486824,255,186,50
13.077892217479933,77.6019647734583,0.1320133044823773,255,173,50
12.952277214830586,77.69460518793495,0.11070595696195865,255,177,50
13.066631309863643,77.64331559425504,0.15153302827079085,255,169,50
13.089174620284457,77.55784431260922,0.1710925838714299,255,165,50
13.123849759933774,77.61350882938392,0.12062078276033973,255,175,50
12.964483246639652,77.55932764656109,0.021835998018877825,255,195,50
12.956024924149151,77.59240265468425,0.16613679574303855,255,166,50
13.000473826488715,77.75039765343318,0.2235137162762935,255,155,50
12.866069353142388,77.64396032731653,0.055489562197258986,255,188,50
13.083561898441573,77.57714063411841,0.0684467038767023,255,186,50
13.051233478473453,77.55745334570098,0.005242410106515754,255,198,50
12.98938619722183,77.50706829650544,0.07871988159566337,255,184,50
12.863526051957624,77.62735977644326,0.189860068819566,255,162,50
13.018766873816835,77.55159138532444,0.08270300609620686,255,183,50
12.888301303401093,77.58894100873285,0.025901478351349407,255,194,50
13.009497126650862,77.66481986915193,0.08264304892934451,255,183,50
13.060841469789471,77.67919181658777,0.34743058108356156,255,130,50
12.864289871224678,77.55002001805381,0.18227825365163175,255,163,50
13.028607954096502,77.65120375212256,0.14908617291435236,255,170,50
13.067411737574758,77.5659140688226,0.05069656254080825,255,189,50
13.086546645577966,77.54952233915735,0.1805387171438574,255,163,50
13.072135862847453,77.63508035312536,0.1300332369184292,255,173,50
12.944375396434431,77.67241534246763,0.04879819374531295,255,190,50
13.000439638229254,77.48506646316712,0.05698462941886399,255,188,50
12.994348733844593,77.55410556766486,0.060857907748474944,255,187,50
13.014717292447312,77.68422302361418,3.570629159910588e-05,255,199,50
12.981014493528317,77.5318588846358,0.09785314818447473,255,180,50
12.92646036968887,77.56722894485496,0.050921630253203634,255,189,50
12.987504655256016,77.69498464406777,0.042721604834758495,255,191,50
12.930939076641046,77.66122020419908,0.09360032348360875,255,181,50
13.04469678762392,77.66796080129023,0.01173347676822743,255,197,50
13.001395898881796,77.66196955068935,0.02037309918865172,255,195,50
12.896376698597019,77.59454958658536,0.026372116103606676,255,194,50
12.92825735626651,77.65842878951912,0.06979389909352618,255,186,50
12.87665690959036,77.66893310760469,0.22801798004252788,255,154,50
13.023272874831395,77.64285478288882,0.032391386447928786,255,193,50
13.004777748158165,77.59567225202757,0.11897189786733953,255,176,50
12.916734341674335,77.72461373880174,0.08440945040944582,255,183,50
13.093899794503619,77.627017023493,0.030947400479271293,255,193,50
12.942364605039824,77.60331439112613,0.0722885987227784,255,185,50
12.916289861391487,77.49804748288163,0.14970062827177225,255,170,50
13.03984099851775,77.61262355624518,0.021187211047193212,255,195,50
12.883608260993862,77.51429977861144,0.3081452855757643,255,138,50
13.045483298065035,77.59056763372824,0.009672967284356255,255,198,50
13.009553853901597,77.65929272127728,0.04774101641403285,255,190,50
13.002260501451078,77.57629842941876,0.00849998332530573,255,198,50
12.952504968562291,77.67250203538069,0.2972836774491473,255,140,50
12.954153481649408,77.50671522904956,0.13198314549540152,255,173,50
13.093815155251296,77.63531076468924,0.17208271927869023,255,165,50
13.053390839601677,77.61276592395038,0.1522874841188151,255,169,50
12.951443268426477,77.50668811316514,0.22594204405357177,255,154,50
12.888109261804678,77.60827765951373,0.05104498423967174,255,189,50
12.929708389634492,77.51199746419994,0.11653148007335626,255,176,50
13.099150030377846,77.64366229623562,0.3405529911469368,255,131,50
13.036991185633259,77.62641497424197,0.08479743768377575,255,183,50
12.864397130177096,77.53897107698728,0.0,255,200,50
13.006039284210159,77.73664065461523,0.24656783866764323,255,150,50
12.978250453014937,77.53735845624702,0.05278304860887534,255,189,50
12.91081648731247,77.50351928501037,0.14273512339528524,255,171,50
12.915647144824044,77.564355396534,0.13316365995778606,255,173,50
13.011691046523955,77.71459251133756,0.015651520949968863,255,196,50
12.916369020031539,77.48975874315342,0.11459862232379497,255,177,50
13.019878127469465,77.70915389573109,0.10427544450420553,255,179,50
12.9736678325914,77.72246929676163,0.16626685120110454,255,166,50
13.014284825431034,77.72567599509635,0.3557414425245737,255,128,50
13.024023244955261,77.56823066000435,0.15417242234264675,255,169,50
12.91610413728028,77.5173876604231,0.09066810231791142,255,181,50
13.005922449228274,77.74769405950208,0.19299770128593965,255,161,50
12.908053258089778,77.50901789031533,0.04696796888087577,255,190,50
12.893140754555427,77.64700699647584,0.03110967030305081,255,193,50
13.032936028040444,77.48815493122768,0.1483553262428254,255,170,50
13.067191118543779,77.58802930241859,0.03744967208577956,255,192,50
12.907326345430056,77.58361095921752,0.018047008279060483,255,196,50
12.984622366581712,77.71153464995763,0.03683059839339997,255,192,50
12.913153103132828,77.54222574130765,0.10714772959020662,255,178,50
12.907625059032291,77.5532217414141,0.04575643048244523,255,190,50
12.941437981064935,77.69448865743747,0.03368686799717439,255,193,50
12.917078159668291,77.69146436700346,0.14023101623382156,255,171,50
13.089284054987376,77.54678550438138,0.13420155523915106,255,173,50
12.99675798537895,77.58453332892097,0.11158968207289124,255,177,50
12.962310718175788,77.50403321872014,0.10198187951347192,255,179,50
12.860649477193142,77.64390353709055,0.2370269240983071,255,152,50
12.941466527867668,77.69172590561026,0.040895362573527355,255,191,50
12.881030335187235,77.500460250549,0.20300897691145112,255,159,50
12.976261599700834,77.73355102176006,0.24523079117895966,255,150,50
13.043536535763694,77.51314208048596,0.0451958890901159,255,190,50
12.962450652295868,77.75826875675939,0.43156570257151167,255,113,50
12.872149933696036,77.5777250153658,0.01538475449365764,255,196,50
12.912636919440398,77.59471733584915,0.02037588977549409,255,195,50
12.935412394819105,77.75244543028938,0.21134782499102042,255,157,50
12.977344421976152,77.62855061013677,0.039576114445468255,255,192,50
12.96486085766505,77.52064078564527,0.06922504894087143,255,186,50
13.091912106029286,77.55510756328938,0.27833683025989736,255,144,50
12.975881453473113,77.76947000576178,0.34455028496625417,255,131,50
13.052826326820014,77.66804804381186,0.11252474327808161,255,177,50
13.040691781609182,77.52693586198835,0.1471464654457857,255,170,50
13.073348488108655,77.51344366355367,0.16518273324907362,255,166,50
12.978678255068797,77.49314161726988,0.025506517004357725,255,194,50
13.047662014342299,77.64311378432703,0.37349375510914157,255,125,50
12.995083740223075,77.7475747253881,0.22773907020332015,255,154,50
12.948222635414682,77.55916149604617,0.06647191975558668,255,186,50
12.99234481081332,77.75030809355678,0.15603614734343926,255,168,50
13.07741421498329,77.64895978508872,0.1808439130375237,255,163,50
12.907678991842214,77.54769634727668,0.08857002066958893,255,182,50
12.9246312183694,77.47602419925045,0.25138810270298634,255,149,50
12.899305122849087,77.57247727030033,0.1437278045077957,255,171,50
12.962469706955,77.48745271987882,0.11589889896357454,255,176,50
12.937355082531125,77.56181385703893,0.0874289683420841,255,182,50
12.858869589022744,77.5499652520975,0.2383183537117273,255,152,50
12.926514676211134,77.56170319746138,0.05509953806507944,255,188,50
13.080546397458003,77.60752218563584,0.08903581689743979,255,182,50
12.877488383214224,77.58606733123601,0.08123577355599164,255,183,50
12.863331541143967,77.64669393169952,0.18574014840124217,255,162,50
13.001367538908312,77.66473303155587,0.018225582680971422,255,196,50
12.921364134241726,77.53401938662667,0.22478006673653253,255,155,50
13.065298508986611,77.50506775667031,0.10000397930580203,255,179,50
12.96155484013471,77.58140592546525,0.06873498637331082,255,186,50
12.957896301000892,77.6753228402465,0.2917541254511491,255,141,50
13.016594900738728,77.49628458670509,0.32090526337078407,255,135,50
13.008277344869105,77.51555051398509,0.03949767456348963,255,192,50
13.050903329406152,77.5906241065266,0.14256081653761526,255,171,50
12.879674766438145,77.63857803633731,0.17925004345662177,255,164,50
12.982256453385046,77.67834689938394,0.1538849010938089,255,169,50
12.92814451783524,77.66947947819239,0.05633064914262756,255,188,50
13.018630474448948,77.56541090864992,0.05423038395010044,255,189,50
12.929548236785173,77.52857548464313,0.04362661897446862,255,191,50
12.9394050873433,77.62815239983163,0.09091143015336729,255,181,50
12.927210038886452,77.48986620956366,0.07718467312845934,255,184,50
13.02708703347988,77.5323264275439,0.06428248760757824,255,187,50
12.954350916970295,77.75541646595124,0.2695095366531851,255,146,50
13.007735447915472,77.57082689862732,0.030814510913174147,255,193,50
12.999904549262144,77.54034241968996,0.029566843029417183,255,194,50
13.045949556447388,77.54357647593315,0.04350338957605371,255,191,50
12.864503924549046,77.52792203618044,0.06915563190004305,255,186,50
13.059033371718328,77.59070886356145,0.00044805738356766095,255,199,50
12.912277679076379,77.6306313142154,0.0,255,200,50
13.08870424670671,77.60484311752937,0.05938831460032173,255,188,50
13.089229396755748,77.5523149210709,0.247745252872746,255,150,50
12.913526715544359,77.50354627877276,0.12054096963817029,255,175,50
13.081044385941338,77.55776043004401,0.025695180822617267,255,194,50
13.088954332052737,77.57996162616412,0.14164367700518088,255,171,50
12.85019648948323,77.60512338720328,0.06932176194979763,255,186,50
12.92117567506806,77.55335941558606,0.13103482640287434,255,173,50
12.940092321423542,77.55907850572356,0.06732385838394253,255,186,50
12.926351406504132,77.57828036388176,0.04667527117205462,255,190,50
12.993463857501823,77.64253894095738,0.30030704753427745,255,139,50
13.075923712917032,77.52729423342876,0.06558528113274316,255,186,50
13.04463972486338,77.67348868942763,0.15112441988223635,255,169,50
12.954206619046676,77.50118861194117,0.20979331772547408,255,158,50
13.115971326886644,77.58853885248884,0.023678675528227625,255,195,50
12.984966290339274,77.67837594219841,0.19297807862462643,255,161,50
12.898976845303075,77.605627505401,0.13170003370423256,255,173,50
12.872312496052224,77.56115141003353,0.066932091430907,255,186,50
13.093758581267254,77.64083989303728,0.1326776606211625,255,173,50
13.016165335358536,77.5405080299986,0.05715632505023273,255,188,50
12.954073556190345,77.51500510847198,0.05475720049292852,255,189,50
12.952982733719203,77.62553144452096,0.0410234204153952,255,191,50
12.907732808106251,77.54217092810244,0.17313124378291228,255,165,50
13.048468673823482,77.56295393004567,0.19146117725536438,255,161,50
12.893776037965612,77.58347180950409,0.0664338606393221,255,186,50
13.000173561517196,77.51270475053312,0.26248679367550115,255,147,50
13.016407891760545,77.51563253829865,0.11824567963678453,255,176,50
12.994484282252659,77.5402872662563,0.04672610450819059,255,190,50
12.863774047376847,77.60250111274516,0.054028190044955626,255,189,50
12.850305951799186,77.5940755426755,0.14846717322896355,255,170,50
12.958652273961565,77.60072018186372,0.04362822977363786,255,191,50
13.020506543862325,77.64835350336192,0.041639407246291796,255,191,50
13.075706259021308,77.54941089512369,0.14261743790915726,255,171,50
12.935266220328751,77.76625808785154,0.666443565019949,255,66,50
13.007321315985331,77.61228252964816,0.16649777571692653,255,166,50
12.948546233212932,77.52600355148068,0.0641873270776793,255,187,50
13.075733544111579,77.54664633431832,0.18897075966197735,255,162,50
12.906124827926906,77.70239772142496,0.025411657170191518,255,194,50
12.961334661360736,77.60351150564748,0.07493183070061796,255,185,50
13.0041906903475,77.65370788843299,0.1673415950275893,255,166,50
13.001196762844812,77.68131377885854,0.1329501903072469,255,173,50
13.074958400806828,77.62405164102911,0.06923210670238814,255,186,50
13.062318854367994,77.53268517566548,0.10988646878286627,255,178,50
13.010987527787702,77.51557784923268,0.051147402923447945,255,189,50
12.897132732595336,77.51719775071248,0.1225183154279133,255,175,50
13.026263256058849,77.61524521664552,0.1968920356272287,255,160,50
13.032344612743035,77.54896612347848,0.0,255,200,50
12.972667874731222,77.55388400833809,0.09574085348948047,255,180,50
12.910281122396599,77.55877469215025,0.06994856694520292,255,186,50
13.008544171575478,77.7560139824287,0.07616094575576053,255,184,50
12.959144409804976,77.55098247846439,0.12744515346465263,255,174,50
13.056461495355466,77.57685926483508,0.06003249396696878,255,187,50
13.06242699281101,77.52162734703518,0.17253373191167967,255,165,50
13.121335649735533,77.59412554797302,0.07132121962857954,255,185,50
13.020336568180271,77.66493574440209,0.07675806003572838,255,184,50
13.05576344028365,77.64596436165264,0.13492519702717143,255,173,50
12.981041398136703,77.52909533637472,0.08028873052113994,255,183,50
13.001168197466821,77.68407721369634,0.13067603696910798,255,173,50
13.091161689553063,77.62975284651407,0.007517636263277685,255,198,50
13.002451830456241,77.55695248730859,0.1390485843750951,255,172,50
12.941693850983459,77.66962365340613,0.1546033690964664,255,169,50
12.950687225119422,77.58405730482698,0.0,255,200,50
12.857883784874648,77.64939903241103,0.3924419341128341,255,121,50
12.99306727984668,77.6812264618701,0.09206075240044656,255,181,50
12.995019140572902,77.48501250678599,0.059758841286667516,255,188,50
12.997463370344798,77.51267746997249,0.17884688056874967,255,164,50
12.90669037214522,77.64714955866373,0.011187395233190386,255,197,50
12.903670909257768,77.67750752159,0.07603539807680897,255,184,50
12.98409872588437,77.49319567962489,0.1343682436300034,255,173,50
12.928200995398537,77.66395414694784,0.07749829398545173,255,184,50
12.952305786345446,77.69184231697703,0.08507561701805498,255,182,50
12.909567721729834,77.63060295395535,0.03584049343805045,255,192,50
12.911800472688679,77.6775940971382,0.08933891375121608,255,182,50
12.937082146454546,77.58944353136262,0.10714276399149639,255,178,50
13.024322805759956,77.53782691100037,0.18150794282788527,255,163,50
12.985890320095477,77.58718464019887,0.08361104236275703,255,183,50
12.948113834093803,77.57021394349597,0.07529036918247803,255,184,50
12.900054798620642,77.49512320322737,0.3983989191529691,255,120,50
12.875130428231556,77.55012962509885,0.03841339640194927,255,192,50
12.940628963934802,77.5038165547848,0.007968824792839307,255,198,50
12.988379231974408,77.6093205703356,0.09572964544465117,255,180,50
13.039447500018895,77.65131921092183,0.10423520876638744,255,179,50
12.9023393633775,77.53935348030622,0.13255638977241713,255,173,50
13.040447695087604,77.55181355933263,0.09007033831858187,255,181,50
12.967138921839755,77.56488201418318,0.1811002574396376,255,163,50
12.948839166472501,77.49560798312761,0.1249545950763695,255,175,50
12.936778544026742,77.61983543777991,0.016044052806070234,255,196,50
12.949251260124027,77.72496685957148,0.2548363932278184,255,149,50
12.860843742539203,77.62456954357866,0.20376905174306778,255,159,50
12.87182167155016,77.61087154099455,0.04378018229796962,255,191,50
13.063751205275924,77.65987194655396,0.10410849594215625,255,179,50
12.986515462368578,77.52362295346187,0.19111142735699113,255,161,50
12.882048490012037,77.67175266007132,0.19144571433333593,255,161,50
13.029470772639925,77.56552254518483,0.00512302820888721,255,198,50
13.06936948346385,77.6405801669814,0.15208064604083216,255,169,50
12.87853019393797,77.47833330488213,0.9199918346863777,255,16,50
12.860621608925747,77.64666551025647,0.2656325227252118,255,146,50
13.003242019390761,77.7449009046575,0.315117027781766,255,136,50
12.951960999247945,77.72499632982878,0.16832187667980555,255,166,50
12.977119973809852,77.65065674810543,0.018958586586991913,255,196,50
12.935261517754412,77.49823623807681,0.153182233636141,255,169,50
12.998228846738211,77.70615507264436,0.11097388944295986,255,177,50
12.928593070729121,77.62527609811013,0.055877660457346094,255,188,50
12.866429156437661,77.6080533188922,0.05986010585968437,255,188,50
12.968421319674972,77.70583231549902,0.05945420603952629,255,188,50
12.911286018064725,77.72731732397381,0.15466455724251263,255,169,50
12.867107293698453,77.53899835098014,0.09365575796633413,255,181,50
12.853476139266393,77.54714840359638,0.2633751042412765,255,147,50
12.91049666729525,77.53667282801918,0.06286580210222889,255,187,50
12.986941195529896,77.47940418620087,0.17290804881767066,255,165,50
13.01835547121355,77.593049480964,0.056719990176921246,255,188,50
13.045703774222734,77.56845437526296,0.026877593365194526,255,194,50
12.878240826588513,77.50872077982754,0.07222328719506464,255,185,50
12.972749151370195,77.54559376360179,0.05418460216330459,255,189,50
13.045316703858123,77.60715230991082,0.04240212508932738,255,191,50
12.988901336828567,77.55681372178485,0.025135869886294043,255,194,50
12.877048185091429,77.63026313481534,0.03338240616638997,255,193,50
12.993715764879255,77.61766771788236,0.0923640022096622,255,181,50
13.036822403064734,77.64299860752395,0.29449194658763134,255,141,50
12.918920661555152,77.50636320315792,0.094703540147117,255,181,50
12.969984880188788,77.55109296290466,0.1083262475079903,255,178,50
12.89361179584812,77.60004653306224,0.0907192622125959,255,181,50
13.032398966366323,77.54343795767122,0.15277107693353545,255,169,50
12.965153527144015,77.49024311316302,0.08297214880686808,255,183,50
13.011864084202053,77.69801152207735,0.07118344064362758,255,185,50
12.927024766579265,77.50920734896013,0.03734783876587192,255,192,50
12.934289672479647,77.59770424856785,0.10219228591195369,255,179,50
13.104823943478502,77.61883786153852,0.08818494151950254,255,182,50
12.99009952872286,77.7060669681099,0.07713475282918933,255,184,50
12.866097204512442,77.64119828850211,0.06914690777973287,255,186,50
12.88894891049301,77.52264156927124,0.22538726319186142,255,154,50
13.005080087671905,77.56527150502559,0.09257513362320352,255,181,50
12.98128222065594,77.50422312291533,0.11289224695092412,255,177,50
12.960634535057315,77.67258878741833,0.17996744658809208,255,164,50
12.890846799938796,77.60554334174635,0.017548892282034673,255,196,50
12.991337905282554,77.5844772307475,0.15803750064746755,255,168,50
12.84220307670994,77.59123019049035,0.14234724369051802,255,171,50
13.007980755405468,77.54595283540338,0.008568358210778147,255,198,50
12.902844031950227,77.48686177085038,0.37231386558914775,255,125,50
12.961745960460512,77.56206320947202,0.13910791289536076,255,172,50
13.01884836069519,77.54329959592349,0.0931763832360001,255,181,50
13.029028976645778,77.60974587409389,0.041775969070436784,255,191,50
12.954470551037083,77.47355515850991,0.014816605417388821,255,197,50
13.108090168136668,77.56357004794455,0.10098543782032939,255,179,50
13.03190554642838,77.59319054190318,0.005179706091247345,255,198,50
12.90710688508394,77.6057117266584,0.12324250684762895,255,175,50
12.875715111603586,77.48935661576932,0.5482025636993516,255,90,50
13.061936653098568,77.57138678715793,0.07768215169073146,255,184,50
13.017110545105409,77.7146515272521,0.002015848755003782,255,199,50
13.014400796130014,77.71462201595538,0.06635232129126402,255,186,50
12.951728803265311,77.74709846994536,0.008324604298905225,255,198,50
12.943453757211214,77.7608225362005,0.48710197463019156,255,102,50
12.996342009787273,77.62598668471432,0.16094807755990553,255,167,50
12.996369946859494,77.62322317262608,0.13797140964024204,255,172,50
12.967704538484508,77.50685090092459,0.05273923610533801,255,189,50
12.973493735595657,77.7390474138105,0.10218092575807608,255,179,50
13.083863852515117,77.54672981753579,0.1282751494247702,255,174,50
13.102559782766704,77.57457317111486,0.006904763606883879,255,198,50
12.985362201188195,77.63968958512861,0.13765819588698638,255,172,50
12.919616559288263,77.7080683843112,0.34804056235415853,255,130,50
13.050030805950167,77.67631095895777,0.13934944690353124,255,172,50
13.086628482374135,77.54122827633536,0.03628516034634931,255,192,50
12.919559185563537,77.71359332579603,0.18622890484814533,255,162,50
12.959770253785038,77.75547609564255,0.3700843964237192,255,125,50
12.97308341125684,77.77772874155016,0.6395807852429064,255,72,50
12.858680850208962,77.56930024351166,0.1489187791353498,255,170,50
13.044582544324182,77.67901655124103,0.08942402874299185,255,182,50
13.099121657337456,77.64642690446519,0.38196947046399116,255,123,50
12.951014050499902,77.55089968099264,0.01384299169976329,255,197,50
12.999246944676974,77.60667026280622,0.03699330325471112,255,192,50
13.004471856232621,77.62607222630966,0.027663872445056963,255,194,50
12.996977139717618,77.56242428610594,0.16870595675385475,255,166,50
13.026760699028562,77.56549462658016,0.09318002393895308,255,181,50
12.946251108826251,77.7525644080965,0.20278252846523606,255,159,50
12.971559002209471,77.66441513171772,0.08096207001608093,255,183,50
13.062641853675672,77.49951139213586,0.03292002758212267,255,193,50
12.952191324924495,77.70289376104036,0.2908564293915899,255,141,50
12.880577596401904,77.54742206263728,0.03109078741899588,255,193,50
13.005628307512229,77.77532709763145,0.5507610590502661,255,89,50
12.92713081158567,77.49815530615618,0.06611064493781334,255,186,50
12.98680896036338,77.49322272000133,0.07110866380725075,255,185,50
12.877379031136876,77.59711643562085,0.14672710391682017,255,170,50
12.853609878658524,77.53333777201264,0.18271736780216521,255,163,50
13.012292053121373,77.65655800666214,0.057251059748300706,255,188,50
12.987590522857163,77.68669484756846,0.13171796051201146,255,173,50
13.077724485090453,77.61855146135474,0.1559209681500244,255,168,50
12.937164333905889,77.58115469558278,0.039766568819834466,255,192,50
12.950133161675344,77.63931797266679,0.10393802542449518,255,179,50
12.91479211646021,77.64999773346136,0.05705177372940792,255,188,50
13.009411815549775,77.6731105417753,0.10021343978671717,255,179,50
12.985136669787318,77.66179623188773,0.1177999259112892,255,176,50
12.972504530696995,77.5704643280536,0.0586389464856858,255,188,50
12.845425968290654,77.53878033356493,0.4270733718986413,255,114,50
13.113344576607743,77.58021578720493,0.08831142258512963,255,182,50
12.991227671462747,77.59553136049622,0.12313421917434973,255,175,50
12.913763877566819,77.47868027214646,0.08530940870197733,255,182,50
12.969158674779965,77.63399156701531,0.02779361681595174,255,194,50
12.991061440924518,77.61211236345002,0.014624559468002988,255,197,50
12.86911166281548,77.61084348482781,0.11849270983928085,255,176,50
12.868527266679486,77.66884705487826,0.2275870791340961,255,154,50
13.102198161580608,77.6105150634645,0.282369925084963,255,143,50
13.048413837568512,77.56848236812151,0.11974848265362746,255,176,50
12.972202328468386,77.60086098877993,0.03418113142720075,255,193,50
13.006530593903799,77.6896624874171,0.09985996851693424,255,180,50
13.057087432544431,77.51327907086421,0.0,255,200,50
12.938180352400877,77.7469499946739,0.14509504545592372,255,170,50
12.985334112342748,77.64245293876732,0.17357865827759855,255,165,50
13.014602614087813,77.69527729558253,0.06364130397794159,255,187,50
12.85610567843933,77.55546213402752,0.41852270789106094,255,116,50
12.988572817917836,77.58997620901197,0.06632687874624263,255,186,50
12.974069960374733,77.68378608901516,0.048225705142843425,255,190,50
12.996061025620008,77.65362144919702,0.014727440732022432,255,197,50
12.953177004882985,77.60619006893258,0.137655675515202,255,172,50
12.899789678023515,77.52275021513807,0.1098461220615806,255,178,50
13.019849225151324,77.71191747381597,0.04582155631537387,255,190,50
13.008384314381477,77.50449493820872,0.30686545279405464,255,138,50
13.01033570132869,77.58190992778077,0.04010853459152272,255,191,50
12.946022840125693,77.50663389988432,0.1960075680502921,255,160,50
12.839656026762086,77.57463112469765,0.41866914151746537,255,116,50
12.875157309906475,77.54736728079152,0.05118899485543649,255,189,50
13.091581248160738,77.58828381920951,0.0,255,200,50
12.896266830801864,77.6055994444496,0.03946944289034324,255,192,50
13.064783900344835,77.55759283501533,0.06511281301869754,255,186,50
12.87510351749631,77.55289196314408,0.0322483061208324,255,193,50
13.011748843209022,77.70906554155937,0.07803472681278224,255,184,50
12.91724849485264,77.67488932330743,0.05492522006154094,255,189,50
13.051342585126877,77.54639622334989,0.08087635470146225,255,183,50
12.920546389865695,77.61690304791728,0.13689858916607725,255,172,50
12.941179745795623,77.71935312507216,0.15324670379212654,255,169,50
12.904506811809311,77.59463343253468,0.030612381257979836,255,193,50
12.965422737203037,77.73343258168684,0.1502852214166112,255,169,50
12.892972497147476,77.66358083081636,0.08424002814419249,255,183,50
13.056433926893646,77.57962354555262,0.1536928720583977,255,169,50
12.913685085958734,77.4869689960813,0.17386967780279927,255,165,50
12.976665454117947,77.69486776906543,0.10349177225995328,255,179,50
12.990414444487685,77.6756707191925,0.05326200287205028,255,189,50
12.883314608858432,77.54468702349807,0.06825321048021715,255,186,50
13.012489510470715,77.63721252812027,0.1365565129536233,255,172,50
12.885781825567276,77.56957639639762,0.0898447483456522,255,182,50
12.9003430675273,77.46473278240917,0.4570735250254347,255,108,50
12.893939232452237,77.56689685750665,0.06050411984894208,255,187,50
12.889318942304671,77.48396524210071,0.7962155598468413,255,40,50
13.013590224300831,77.52666090708347,0.03974747880513352,255,192,50
12.91884096074843,77.51465192139318,0.14842900552495866,255,170,50
12.968564655256696,77.69201713253749,0.10037409692016881,255,179,50
13.037846348608849,77.54072919385838,0.14021089503970952,255,171,50
12.86916665169613,77.6053191868798,0.14828145565648632,255,170,50
12.966588237068741,77.62014715616489,0.04231639007671469,255,191,50
13.008807238994143,77.73114358260203,0.1949458627981496,255,161,50
12.986000154584804,77.57613067330412,0.027040772323382346,255,194,50
13.021476978658711,77.55161913509454,0.15256438841599154,255,169,50
12.920794469210282,77.5920385488527,0.06717490848884201,255,186,50
12.967781952337765,77.7666171332879,0.4001852319573832,255,119,50
12.95270271852229,77.65316143188375,0.18615854499462056,255,162,50
12.9593063487238,77.53440279045428,0.057889881403063136,255,188,50
12.861336752162318,77.57485211616101,0.15008023384308966,255,169,50
12.860509845681104,77.65771333788173,0.13059800890407502,255,173,50
12.96951993219678,77.59806954350799,0.08699469188406644,255,182,50
13.032126021180947,77.57107853519953,0.044377763520150486,255,191,50
12.874995583958135,77.56394125256868,0.05973465097206721,255,188,50
13.069538524384319,77.62399433088001,0.07017720391952254,255,185,50
12.945755571767991,77.53426572035337,0.14249437405833204,255,171,50
13.126866938461298,77.58312226873826,0.1689197339451015,255,166,50
12.962392026658879,77.7637944086331,0.5226958465033891,255,95,50
12.975486317961348,77.5428578896328,0.00944360178614971,255,198,50
12.975432209717983,77.54838479798534,0.04288077206259813,255,191,50
12.951256406639292,77.52603086985309,0.10076369797358398,255,179,50
13.005674107800527,77.50446772895246,0.33334366688483036,255,133,50
12.98041517750953,77.59265535887437,0.07278466962927532,255,185,50
12.968016088099366,77.74451394028257,0.09408806905130421,255,181,50
13.027302236490062,77.51021379550664,0.09410505161283785,255,181,50
13.048248621698686,77.58506753036575,0.218664280120642,255,156,50
13.002067734068005,77.5956440609504,0.041184545450917,255,191,50
12.924602792862922,77.74956412780851,0.17452629328255598,255,165,50
12.962337289476915,77.50126981760026,0.10301161929329719,255,179,50
12.940173562743182,77.55078937215825,0.10946528804715809,255,178,50
12.86681114929987,77.56938302313401,0.14078035774065106,255,171,50
13.039362428299375,77.65961097114322,0.03998622866124048,255,192,50
12.95046700281288,77.6061618799123,0.04621029036728979,255,190,50
13.132007698030643,77.61082978083802,0.3710427203317177,255,125,50
12.855173857488259,77.64937059440027,0.46764145405213764,255,106,50
13.023216439250767,77.64838230872631,0.026447942298848427,255,194,50
13.041958429433281,77.6706956509146,0.13169512023342309,255,173,50
12.918438519547843,77.5560946747126,0.04103414759289927,255,191,50
12.891147685066946,77.57515664003722,0.1188026140358592,255,176,50
12.99995858654192,77.53481493564075,0.023754871751254625,255,195,50
13.054484497788948,77.50219401914606,0.16400629431964886,255,167,50
12.882771681402783,77.59993461600764,0.015193784593189676,255,196,50
13.028861361746898,77.6263292000081,0.052759405423408685,255,189,50
12.853097810748663,77.58581733771528,0.22071911566083385,255,155,50
13.05155938376063,77.5242816781394,0.13445399913319742,255,173,50
12.9149876358008,77.63065968093832,0.0040054563148672825,255,199,50
12.916705500747849,77.727376143105,0.03808106815498741,255,192,50
12.960972877389619,77.63943219814756,0.0009586766985426832,255,199,50
13.0111744562508,77.49623031718839,0.29040605589539276,255,141,50
13.035699332853492,77.48265352367709,0.171823218474852,255,165,50
12.93567367038756,77.72758222114074,0.05767287508348201,255,188,50
12.912194078074616,77.6389190008098,0.02997326090554866,255,194,50
13.050173450496226,77.66249092184843,0.020058179702650277,255,195,50
12.959360094301726,77.52887617786011,0.012197340578458267,255,197,50
13.118736889814585,77.58303730508807,0.12137573457063204,255,175,50
13.01575578454336,77.58196605506056,0.10218157263875992,255,179,50
13.093730249931456,77.64360444745611,0.17364927038725558,255,165,50
13.096889990451865,77.59939923842481,0.07042362499752605,255,185,50
12.917473976172639,77.65278889728029,0.0030945955937637494,255,199,50
12.933620755001531,77.664011678371,0.21568319312083242,255,156,50
12.942666410855468,77.57292140849464,0.03856253967406688,255,192,50
12.986569089555518,77.51809569389128,0.13235256123498937,255,173,50
12.942829542226987,77.5563430948511,0.18605282473562723,255,162,50
12.89962920787343,77.53932612524517,0.042834190301209614,255,191,50
13.102476775534244,77.58286754966473,0.06051422979560009,255,187,50
12.850712303031196,77.55264522187994,0.4731036937580477,255,105,50
13.023103215328211,77.65943728214,0.19229911009346992,255,161,50
12.96633660937318,77.64501563255942,0.025757676501025832,255,194,50
12.907435376434213,77.5725604229485,0.08673021029232068,255,182,50
12.996145628882555,77.64533108808185,0.23680922309786986,255,152,50
12.951582731086543,77.76091208829374,0.4272274449424723,255,114,50
12.918084429866253,77.59201058530479,0.11219928561092192,255,177,50
12.911158222486838,77.46760194754089,0.2136127349760456,255,157,50
12.979575073358648,77.67555465427792,0.0805281176757295,255,183,50
13.121502357328415,77.57753561769475,0.29139892663091527,255,141,50
12.953121645018413,77.61171620837969,0.1642929393224417,255,167,50
13.078389036125477,77.55220333136029,0.0774268530090654,255,184,50
12.99761739934948,77.76418391475393,0.101319170065033,255,179,50
13.015893036175031,77.56814687108178,0.04309788244161911,255,191,50
12.941294809029838,77.70830231710545,0.26998301252090706,255,146,50
13.067901225343904,77.5161533198542,0.24536851080210254,255,150,50
12.872447165733641,77.54733989925181,0.032768223011402954,255,193,50
12.965335525678526,77.74172132130113,0.01444259172422947,255,197,50
12.941266087020814,77.71106502909807,0.3060454836624519,255,138,50
13.07036779361744,77.54106169023262,0.21633153383687775,255,156,50
13.02214809586815,77.48251843110286,0.039945124680950975,255,192,50
12.960205684348459,77.71403319212608,0.09470318062384621,255,181,50
12.941778615281907,77.66133520038244,0.33092875151410994,255,133,50
12.919026520967469,77.49531149265032,0.13410513067871427,255,173,50
12.888191739864725,77.59999056176402,0.08575535994098805,255,182,50
13.096722183844841,77.61598723085707,0.26632109659445047,255,146,50
13.124184668952873,77.58032891297906,0.26306791961480197,255,147,50
12.91733326896102,77.66660171264938,0.03311712122709651,255,193,50
13.000039422313451,77.52652366281141,0.038384292260044806,255,192,50
12.967723125826096,77.77214286365846,0.5393763270171772,255,92,50
13.072611151740933,77.5880858170831,0.08111552841223496,255,183,50
12.983912405175131,77.51254115988957,0.050454872282153576,255,189,50
13.006587837345753,77.68413551785318,0.0019070574140881591,255,199,50
12.972091558258727,77.61191412855662,0.06908134900101522,255,186,50
13.063665703591195,77.66816445913416,0.13340046888316343,255,173,50
12.951707728224273,77.47905508035028,0.019457661770723573,255,196,50
12.993038732934066,77.68398980697995,0.044424785565013676,255,191,50
13.051640196928902,77.51598862094559,0.033593145169143905,255,193,50
13.080237360272445,77.63793112551076,0.021156111441976728,255,195,50
12.96342938813108,77.66432856936166,0.0034745383362748067,255,199,50
12.950796634676777,77.57300486460967,0.028750694551412784,255,194,50
12.867160760592707,77.5334737838271,0.019755471131611822,255,196,50
12.962496102642994,77.48468928195753,0.05288835360516032,255,189,50
12.921471183473473,77.52296780436463,0.11347006999197379,255,177,50
13.027595066311765,77.47980828150885,0.0933718251020134,255,181,50
13.018875464195721,77.54053565359624,0.03103773583331471,255,193,50
12.944657274930686,77.64478670464435,0.21337708575844297,255,157,50
13.000280344484244,77.50164950939214,0.30872893478309804,255,138,50
13.051096432068292,77.57127460691146,0.08854800872791257,255,182,50
12.970066051430925,77.54280278894115,0.00493832787142345,255,199,50
12.944741268821376,77.63649798622579,0.15397544070746433,255,169,50
12.86908412481369,77.61360562418989,0.12256601859469916,255,175,50
12.959035865396187,77.56203547845229,0.19712145152063223,255,160,50
12.909062291792292,77.68032766011831,0.20824423790631255,255,158,50
12.944432005830192,77.66688966723345,0.23416993858567947,255,153,50
12.94485285166492,77.62544627097388,0.03907359796260533,255,192,50
12.926998182364429,77.51197034426133,0.1283616300149868,255,174,50
13.0245384330571,77.5157146183294,0.06914933294680685,255,186,50
13.014255759333265,77.72843947313356,0.3792768127043554,255,124,50
12.86640165346154,77.61081543507127,0.04445403613795171,255,191,50
13.036595711613982,77.66510975401174,0.1647665491186967,255,167,50
13.037047211043433,77.62088704469134,0.2350372184688389,255,152,50
13.024105296248244,77.55993880392558,0.1933451213489926,255,161,50
12.92194712891255,77.47323446286074,0.3093741503782159,255,138,50
13.010826157550028,77.5321612067998,0.013118543318777445,255,197,50
12.900317006889935,77.46749557834958,0.40013166344610795,255,119,50
12.899141508107784,77.58905250232561,0.08972944095264022,255,182,50
12.971388630890164,77.68099390671496,0.07428232695817276,255,185,50
13.04611208559588,77.52699092760905,0.035972003024250195,255,192,50
13.02740913194892,77.49915733098643,0.04597223789029781,255,190,50
12.896073441642317,77.62493644905251,0.24074101398480924,255,151,50
13.010308174700542,77.5846736856256,0.05162907022424791,255,189,50
13.13499698144127,77.58320728969281,0.00412511996965218,255,199,50
13.126418874872895,77.62736233284939,0.16606490958897133,255,166,50
12.9048608963426,77.55871953505715,0.055934564414709446,255,188,50
12.959493946213385,77.51505953767942,0.022370840888048634,255,195,50
13.076112434700422,77.50794182751143,0.10604527292835196,255,178,50
13.110467809182145,77.59677668849143,0.04725419594282934,255,190,50
12.947170143076015,77.66415562150246,0.34609829407024206,255,130,50
12.898616480775546,77.64153921967745,0.04495648501897984,255,191,50
12.951553428991785,77.76367479163258,0.520882136439242,255,95,50
12.974829285833945,77.60917912337204,0.07207952554629886,255,185,50
12.955214824686667,77.67253094615671,0.28114869679427906,255,143,50
13.029195532636558,77.59316231695138,0.0692766036747826,255,186,50
12.903585877649633,77.68579460795578,0.15404596146855706,255,169,50
13.091692007138374,77.57722516867912,0.061069370590518764,255,187,50
12.99027174070055,77.68948729522911,0.08550893477008077,255,182,50
12.845372478497495,77.54430440264959,0.44240947589478585,255,111,50
12.946943189031861,77.68625845546185,0.19567176987504364,255,160,50
13.005025381099067,77.57079897063974,0.03567874722909911,255,192,50
12.924604990078324,77.47878723835427,0.16388735089703912,255,167,50
13.059554483466737,77.53818635899714,0.22660876792169532,255,154,50
12.906885560420935,77.62781208441638,0.16807389722081958,255,166,50
13.059743788360084,77.51883539133509,0.06951406686151873,255,186,50
12.975674774000144,77.52351351376161,0.13677557964533882,255,172,50
12.973984273208345,77.69207545733802,0.011500456052432204,255,197,50
12.917919341880602,77.60858679730377,0.0482560652912502,255,190,50
13.00575400928059,77.49617607224243,0.33192764419429077,255,133,50
12.872040977769148,77.58877395908945,0.023682426668168992,255,195,50
12.908026714191312,77.51178067753011,0.0693071613597168,255,186,50
12.923422059408455,77.60035483188058,0.051199676180152115,255,189,50
13.039277091677096,77.6679026724469,0.19325510405842294,255,161,50
12.979603501621362,77.67279143882011,0.030263116864856793,255,193,50
12.861445032777391,77.56380351943008,0.13588998759868015,255,172,50
12.895682385368326,77.66360950818245,0.0,255,200,50
12.885233545393532,77.6248234390426,0.21610885086616816,255,156,50
12.874696369437084,77.59432627777157,0.07489818257016138,255,185,50
12.980221511718932,77.61199904782471,0.209095359555648,255,158,50
12.989547228986304,77.75856767792703,0.19488880432686584,255,161,50
13.0559607527308,77.6266153404012,0.05008976441176296,255,189,50
13.039532306826924,77.64302739196579,0.35781598897921424,255,128,50
13.123821658212195,77.61627378070952,0.1847600140893546,255,163,50
12.939682171495594,77.60052332072125,0.1367104043883906,255,172,50
12.853502945166225,77.54438628975812,0.1907599231903219,255,161,50
13.055593165869904,77.66254898303201,0.20610265622935764,255,158,50
13.069566594597031,77.62123000220667,0.10528749385764449,255,178,50
12.958318918167729,77.63387750230845,0.13509312709194196,255,172,50
12.968219420792511,77.7251732920427,0.04397155018262449,255,191,50
13.053668675544474,77.58512389570758,0.20228810733646888,255,159,50
13.049064093652142,77.5021394573082,0.06944660509877751,255,186,50
13.015783293642246,77.57920223094477,0.12861236453078537,255,174,50
12.895738599747006,77.6580848635208,0.06423505525773701,255,187,50
12.990612998429198,77.6563272365315,0.07096786164044207,255,185,50
13.070340579257273,77.5438262033506,0.26324896527355224,255,147,50
12.954391678573742,77.4818452587065,0.07503848777104259,255,184,50
12.886371497113945,77.50880173601118,0.3106748376438884,255,137,50
12.933194144257353,77.70545191302016,0.01261768197049836,255,197,50
13.102282056422933,77.60222087655221,0.16173082329130778,255,167,50
12.864209122141189,77.55830665813882,0.13545403506273224,255,172,50
13.032371804268507,77.54620204370852,0.06618622713370842,255,186,50
12.94805925805922,77.57574012933857,0.06923611536935247,255,186,50
12.955412617408548,77.65319013403636,0.11808814987552785,255,176,50
12.968990272032935,77.65057059421287,0.03641231198938779,255,192,50
12.880711627133504,77.53360995115573,0.19349037628552737,255,161,50
12.93702720881305,77.59496939007224,0.12538063512677328,255,174,50
12.957075587665186,77.48463549670551,0.04420364279728154,255,191,50
12.979773456034756,77.65621200828149,0.16201052966132187,255,167,50
12.976722679082894,77.6893414836495,0.010012727754737697,255,197,50
12.937218979529202,77.57562877333157,0.08637656255039984,255,182,50
13.032426099036172,77.54067386537334,0.17508532342471597,255,164,50
13.086737184333264,77.5301694382934,0.012958417231393238,255,197,50
12.903812046293117,77.66369557953405,0.024230486310275835,255,195,50
13.032856219299065,77.49644754270521,0.051660780857000696,255,189,50
12.95694337370277,77.4984523267396,0.11755494304165305,255,176,50
12.890764129408003,77.61383049002376,0.06560864825300822,255,186,50
12.891120477344616,77.57791909922518,0.06476033155845014,255,187,50
12.994538296240032,77.53475990190077,0.020442353171361276,255,195,50
13.003992127759746,77.6730524638805,0.17722827670427563,255,164,50
13.002587613332581,77.54313376836772,0.024874140516973287,255,195,50
13.107924526661302,77.58015926247135,0.008977499213384924,255,198,50
13.022530041163694,77.71471056988355,0.0739600079234964,255,185,50
12.973259967024541,77.76115119248408,0.13798564012973064,255,172,50
13.045976718289607,77.54081223349506,0.035546066689306495,255,192,50
12.952730851591197,77.65039846238483,0.10466940722998214,255,179,50
13.062400002449541,77.52439181352452,0.2616154922274947,255,147,50
13.002910497607663,77.50996820631012,0.2585353941596963,255,148,50
13.011604131268085,77.72288291589888,0.29311034694232546,255,141,50
13.028323596166048,77.67884152329854,0.2374059619974836,255,152,50
13.016029553126394,77.55432752911194,0.06221823130623974,255,187,50
12.926076956173896,77.6059084669864,0.10936140852153386,255,178,50
13.08035015088873,77.62687341967892,0.14314322601458787,255,171,50
13.091525691297704,77.59381310624345,0.09604489989903132,255,180,50
12.977539276310472,77.60920739993074,0.1332709766573058,255,173,50
13.030225792672885,77.48812784657358,0.12657478490775168,255,174,50
12.897606701454485,77.4674690012075,0.48244066554786214,255,103,50
12.894870316968694,77.47020516064434,0.5403480211404482,255,91,50
12.951787027592925,77.74157297529369,0.15899404937755282,255,168,50
12.91456691716123,77.67209797414884,0.018141786503889243,255,196,50
12.923531932436804,77.58930373498487,0.06777216977656354,255,186,50
13.0425230462982,77.61541606430565,0.03902268227803975,255,192,50
13.053530125976964,77.598944989815,0.03215760152556658,255,193,50
13.015975034509983,77.55985528480457,0.08483416852025484,255,183,50
13.006928832099646,77.65097314768852,0.14242941632221584,255,171,50
12.856159446997589,77.54993787850974,0.30284478543753496,255,139,50
13.132286967744458,77.58317894300694,0.09422390001823583,255,181,50
13.097414353998158,77.54686908170721,0.09290773514016165,255,181,50
12.988044028021905,77.64248159966458,0.2622251593948759,255,147,50
13.118541920733998,77.60239190045903,0.16296350575225863,255,167,50
12.978625190083937,77.49866880856052,0.010899132088840194,255,197,50
12.900290917126302,77.470258368228,0.3591539902961479,255,128,50
13.066546320789396,77.65160831479248,0.3364871596151205,255,132,50
13.067793276593349,77.52721143897725,0.11913112966199316,255,176,50
13.091553484510143,77.59104846591808,0.017627252200308766,255,196,50
13.10233783838893,77.59669138654093,0.06420470110222763,255,187,50
12.937812371273198,77.51484196924162,0.11793613189424813,255,176,50
13.001253805572881,77.67578688940212,0.16074996392018015,255,167,50
12.897238874277681,77.50614708923742,0.2731272421235014,255,145,50
13.126447101160503,77.6245973771226,0.07643878965042754,255,184,50
13.062264608152432,77.53821405258573,0.14194946967798522,255,171,50
12.922865694231318,77.65560877415936,0.1476037819817881,255,170,50
12.979145134487162,77.71700209280358,0.12151395270973672,255,175,50
13.088508080850378,77.62419502950385,0.0,255,200,50
12.882273103414398,77.64965526720565,0.10168219767457584,255,179,50
12.946128929058345,77.49558099877736,0.1205814770364956,255,175,50
12.996258022553945,77.6342771821939,0.23838385927517056,255,152,50
12.9316620627107,77.58938759372087,0.06140291139984778,255,187,50
12.973783311771417,77.71141708475876,0.016334342270824854,255,196,50
12.95133666570888,77.51774115411253,0.04435600567222612,255,191,50
12.866263703068809,77.62462591968328,0.12353514364208655,255,175,50
12.86612502685141,77.63843624320344,0.15151881195360647,255,169,50
12.925406372916168,77.67221328888137,0.028715739513319523,255,194,50
13.034615559594384,77.59321877323767,0.02257800056241611,255,195,50
12.939349320063597,77.63367813835737,0.14017392491270578,255,171,50
12.903614250633833,77.68303225242195,0.2104486187446015,255,157,50
13.019762341899174,77.72020816800666,0.1877589134000088,255,162,50
12.99078204404013,77.63974685364104,0.31601053248097727,255,136,50
12.91390908088996,77.73563381377043,0.17967141188354216,255,164,50
13.053557894836356,77.59618078376414,0.05216853284829997,255,189,50
13.045455605997745,77.59333176240874,0.05178375955298945,255,189,50
12.93469920691085,77.55626023159645,0.12044077098424344,255,175,50
13.043130521119492,77.55460554665706,0.11315401425644127,255,177,50
13.003229153746187,77.47680175496153,0.1792064064609035,255,164,50
12.967624526604565,77.51514122787182,0.025804608510371717,255,194,50
13.013509301413634,77.53495262913214,0.0025522258327410497,255,199,50
12.951148985186975,77.53708373719947,0.09331243039264099,255,181,50
12.903699194896852,77.67474514630541,0.04117732750406961,255,191,50
12.896784555071264,77.5531117149878,0.0874397928496089,255,182,50
13.045064824533474,77.63202889049626,0.07708268861462651,255,184,50
12.90694106635759,77.62228703357408,0.11267591080126087,255,177,50
12.908185540464995,77.49520386191,0.12174252760686641,255,175,50
12.984994760178152,77.67561267357469,0.13038289856007357,255,173,50
12.971015877910293,77.71691376980075,0.01728539288379467,255,196,50
12.904616285176203,77.5835831165818,0.08169792265756783,255,183,50
12.988955679441903,77.55128655221449,0.0546210791250677,255,189,50
12.979000357089964,77.73081757271643,0.260791223818341,255,147,50
12.96738290991932,77.54001187399051,0.059378619233116485,255,188,50
12.932877123347033,77.73584046902444,0.0,255,200,50
13.067575962532327,77.54932737803296,0.15400240334474596,255,169,50
13.021828253246772,77.5156872521278,0.1433206677402101,255,171,50
13.042242209960664,77.64305618291336,0.3489690089367914,255,130,50
12.8823568538265,77.64136863733764,0.22740674510895165,255,154,50
12.885591250676246,77.5889131512315,0.11660694526360015,255,176,50
13.007543008585598,77.59017303827454,0.2594702646880992,255,148,50
12.984127918697261,77.75850783943181,0.08604794878942897,255,182,50
12.920821887770499,77.58927579479864,0.011161194251373543,255,197,50
12.949823443370436,77.66971023726695,0.24453238321525572,255,151,50
13.048577992765946,77.55189697822806,0.05975129059255991,255,188,50
12.964537542307502,77.55380102722816,0.0495161502123754,255,190,50
13.061660112808847,77.59903003660992,0.11819966266036723,255,176,50
12.894528648095177,77.50612010270459,0.3296251651967194,255,134,50
12.905789730683855,77.46202303410554,0.42805159789921066,255,114,50
12.962713020004957,77.7334029884695,0.13112799035882544,255,173,50
13.067766215624745,77.52997595321477,0.10727250470184986,255,178,50
12.880765035904659,77.5280850629606,0.3816176071782414,255,123,50
12.952815075402803,77.64210951482369,0.04998832694700591,255,190,50
12.936245818677095,77.67232870867002,0.24623389585255656,255,150,50
12.950986975849338,77.55366285096491,0.07485603474628302,255,185,50
12.913420552184398,77.51459767762614,0.18846828204054838,255,162,50
13.06109818516173,77.6543146087644,0.1763661518324315,255,164,50
12.896184124355273,77.61388677067168,0.10245986269667016,255,179,50
13.013724508064774,77.512841246074,0.12591705192500668,255,174,50
13.037764827272007,77.54902163206879,0.04098805072198528,255,191,50
13.002830172906103,77.51825968065322,0.24909640174394101,255,150,50
13.000619880640068,77.73658121339183,0.1860373868736917,255,162,50
12.912082202130579,77.64996915880677,0.016305699708182436,255,196,50
13.034168865133024,77.63744203779501,0.19800092792334228,255,160,50
12.950328413851294,77.61997703134666,0.09132325918613284,255,181,50
12.937463439254234,77.55076181062512,0.10253207412935714,255,179,50
12.914110923604243,77.71629719164747,0.13578921776196223,255,172,50
12.940655489299903,77.50105339216279,0.06080492955088393,255,187,50
12.974183800022487,77.6727335055607,0.07141509235841154,255,185,50
12.894475646995046,77.51164538643675,0.1450230162860516,255,170,50
12.98914495480868,77.53194126138952,0.07808145791195324,255,184,50
12.936916983123869,77.60602103090305,0.15203257244119964,255,169,50
12.987020184702956,77.47111299267661,0.23135696345010365,255,153,50
12.856213099491432,77.54441359795257,0.136510197722888,255,172,50
13.116192797817169,77.56641927638768,0.10304852404340147,255,179,50
12.912305487797887,77.62786873908257,0.05146693184151105,255,189,50
12.963514123655013,77.65603936186466,0.12435879866891945,255,175,50
12.963626694754852,77.64498699381171,0.04504446347813049,255,190,50
13.123905874470902,77.60797890741487,0.13421871789977732,255,173,50
12.898921724810183,77.61115245529584,0.19097515623980263,255,161,50
12.884955043569306,77.65244599684726,0.09417188743689765,255,181,50
13.003935131438551,77.67857942635572,0.10618555510518383,255,178,50
13.050230302106632,77.65696286107531,0.07000575332736235,255,185,50
12.961362286109132,77.60074833045758,0.06706548237034039,255,186,50
12.952476601646493,77.67526495251394,0.29686011146800956,255,140,50
13.002150524781767,77.58735311418741,0.20379406883811446,255,159,50
12.87297858049915,77.49209230082383,0.47908055890627343,255,104,50
12.956596194571981,77.53437536397242,0.004403395052657219,255,199,50
12.889292700595997,77.48672787677724,0.7515069400715173,255,49,50
13.001537258570822,77.6481520482659,0.2528752731892371,255,149,50
12.90273865978072,77.49791284189868,0.3316822131351757,255,133,50
12.906578195226116,77.65819940103593,0.1621712920862263,255,167,50
12.932204779329588,77.53412880599929,0.07650693432944536,255,184,50
13.004805380368685,77.59290857954967,0.17309642844106599,255,165,50
12.960832413305626,77.653247557909,0.056600346956073494,255,188,50
12.968103406243534,77.73622513138632,0.10646820011124836,255,178,50
12.965364625440278,77.73895841482769,0.10113323268263304,255,179,50
12.951575863871742,77.49287167336912,0.05560765455344733,255,188,50
12.960719515519479,77.6642997283443,0.042576604353509025,255,191,50
13.107533885852796,77.61886653704155,0.0,255,200,50
13.015423383366233,77.61513144693458,0.16489648390711423,255,167,50
13.04763375663512,77.64587782058173,0.3214076017668129,255,135,50
13.107449422364342,77.6271607891017,0.17582417167477687,255,164,50
12.914254222895755,77.70248511838115,0.2315339639324632,255,153,50
12.979688610650618,77.66450175303699,0.051430638780808446,255,189,50
12.918947170158475,77.50360028475254,0.1286274321599259,255,174,50
12.931051589348192,77.65016931812193,0.1691303945762217,255,166,50
12.977622345907672,77.60091735631394,0.024619491424103752,255,195,50
13.091020358761812,77.64357553283529,0.11572246243250973,255,176,50
12.971980319552909,77.62296716556872,0.14842135514964452,255,170,50
12.966754671846363,77.60356788168741,0.10727863308990197,255,178,50
13.020731532215779,77.62624348394749,0.12691125051408358,255,174,50
12.932992812193023,77.72479017866623,0.07530252194806542,255,184,50
12.963485907736885,77.65880243756949,0.0361373314827076,255,192,50
13.108007480608102,77.57186468372737,0.017015352522776934,255,196,50
13.043320819340568,77.53525610380973,0.1606342366893531,255,167,50
12.967869972680992,77.75832848673684,0.3109800078398527,255,137,50
12.90518337428186,77.52556730184723,0.10300428365392016,255,179,50
13.110772690053714,77.56636304104815,0.1317281618342587,255,173,50
13.032989086698086,77.48262649294024,0.08266323073759219,255,183,50
12.91783640429219,77.61687481686796,0.07456728380817769,255,185,50
13.023385393218481,77.6317996532237,0.15374474502460186,255,169,50
13.025699367013653,77.67052120256528,0.0978476235741336,255,180,50
12.99757013029752,77.5016223485529,0.2210205295856551,255,155,50
12.934262136619846,77.600467132211,0.05547262349933902,255,188,50
12.87212273828994,77.58048726080773,0.02468332976138204,255,195,50
13.0619091317894,77.57415114070922,0.11128013840992698,255,177,50
12.962443281997395,77.49021615168346,0.043685496679084924,255,191,50
13.001789857160492,77.62328013405644,0.03116659932830085,255,193,50
13.083754464682306,77.55778838459825,0.0,255,200,50
13.034281244965207,77.62638637636643,0.09862434958158758,255,180,50
12.863691643488457,77.61078739172461,0.00041632284515466257,255,199,50
13.023747829290567,77.5958697683976,0.014043424309762305,255,197,50
13.038062443416969,77.5186157505996,0.1892769936466199,255,162,50
12.923885796418581,77.55338696924223,0.03710090580005139,255,192,50
12.95678375151134,77.51503231998383,0.06933865833201887,255,186,50
12.902204808288134,77.55316671565677,0.01077259819447781,255,197,50
13.056626287010994,77.56027344752368,0.020160155961153618,255,195,50
13.06092730692956,77.67089947310542,0.0735133026379211,255,185,50
12.899949099844285,77.50617408192667,0.23222198997917765,255,153,50
12.903027311711018,77.46752216155365,0.3242819764503695,255,135,50
12.983042360852075,77.60097374943336,0.0667540169246457,255,186,50
13.025642331250511,77.67604865747192,0.25907715391386277,255,148,50
12.974325440773208,77.65891762842071,0.0712584839828916,255,185,50
13.00376343810523,77.69516015541849,0.011345399067997662,255,197,50
12.8793667893163,77.66896180495272,0.19894817552401847,255,160,50
12.938412297347769,77.72484904551531,0.01946186039468446,255,196,50
12.90447937065459,77.59739599560505,0.037682992603824,255,192,50
13.01404379154547,77.47967343052827,0.19647377714766062,255,160,50
12.966504624565529,77.62843670652215,0.06940820428591893,255,186,50
12.918519532716081,77.54780623637218,0.1584229860142509,255,168,50
13.051720744819143,77.50769550799689,0.13889138185480135,255,172,50
13.099822110185093,77.57730976038299,0.03461679195248079,255,193,50
13.041901320053434,77.6762234658453,0.22173418181449386,255,155,50
12.993965296449545,77.59279597324829,0.013949674809550923,255,197,50
12.977483750108622,77.61473406360317,0.15559729778677311,255,168,50
12.916210440303248,77.50633616736481,0.0709117028314515,255,185,50
13.002990558050652,77.50167667638632,0.3955659835660315,255,120,50
12.98038759887205,77.5954187621934,0.0009962664554254218,255,199,50
13.05610080593591,77.61279441678847,0.07122205468877951,255,185,50
12.972063792502997,77.61467739746075,0.12327511898546736,255,175,50
12.898335929964224,77.66916286990569,0.04439780013743855,255,191,50
12.909512028948843,77.63612802542852,0.017538747904438354,255,196,50
12.944908467790665,77.61992037460097,0.11755884054946765,255,176,50
13.029361029650872,77.5765785300453,0.08279587591902332,255,183,50
12.97897131375103,77.73358064858107,0.18878251014180136,255,162,50
13.051013850593055,77.57956728772358,0.1649500960369194,255,167,50
12.897291770425529,77.50062172153427,0.4415151907170798,255,111,50
13.115579191512337,77.62724712614592,0.000691833632199938,255,199,50
13.081262642073503,77.53564343663125,0.05626037251357268,255,188,50
12.883125907258405,77.56402396800026,0.03989821817326465,255,192,50
12.948944810566447,77.48455486464583,0.13268114955207985,255,173,50
12.845130339387108,77.56916240362006,0.26855606088047446,255,146,50
12.983885670658596,77.51530477526092,0.13545661234594034,255,172,50
13.11622034838939,77.56365430084095,0.109445029714823,255,178,50
13.11066223878595,77.57742263822635,0.07311861767224556,255,185,50
12.89579469773104,77.65256019274524,0.1453781230554628,255,170,50
12.98217088650361,77.68663657607947,0.1010465443610086,255,179,50
12.939125082865333,77.65578083300075,0.18860726131414282,255,162,50
12.950244909717917,77.62826604497619,0.10590926963911897,255,178,50
13.016568273353633,77.49904859827411,0.3295883313939263,255,134,50
12.906181906529223,77.69687302374064,0.05636716091795131,255,188,50
13.012657614085205,77.62063043621923,0.04694941397018821,255,190,50
13.0209546394025,77.60413305092129,0.06263642254599842,255,187,50
12.941352165446862,77.70277687315894,0.21482805520633172,255,157,50
13.123708954979923,77.6273335214606,0.16867021962360848,255,166,50
12.938728171057226,77.6944595413694,0.051900377430231376,255,189,50
13.002342675730306,77.568007349266,0.07011732812214537,255,185,50
12.991747102644199,77.54302334180804,0.0028696627884795723,255,199,50
13.005052749066444,77.56803524099183,0.07273860329733553,255,185,50
13.000996189024095,77.70065768383084,0.047139796988281225,255,190,50
12.958066137463828,77.65874488136667,0.12236212730112588,255,175,50
13.008490813888661,77.49343926382896,0.2099514111002824,255,158,50
13.105214500745042,77.58013100964176,0.082877709800645,255,183,50
12.954312542849266,77.49013530398392,0.0448732133971342,255,191,50
12.998315140439002,77.69786499696082,0.14349196299624659,255,171,50
13.04342891319559,77.52419914186288,0.10708951558610484,255,178,50
12.897159311688497,77.51443509460204,0.12949445757007197,255,174,50
13.01442971538008,77.71185850445599,0.026104018299936315,255,194,50
13.0810717713522,77.5549958278475,0.051514730946217786,255,189,50
12.98171007677832,77.73084717639676,0.22417044064851255,255,155,50
12.909844437578284,77.60297720992108,0.05381457323322725,255,189,50
13.010253033326508,77.59020118222955,0.22678044321769383,255,154,50
12.998770914489642,77.6536502557478,0.10062836823579802,255,179,50
12.911314846486622,77.72455497906527,0.19855175340869732,255,160,50
12.961908636693709,77.54548349285038,0.12517706255500685,255,174,50
12.861173460466775,77.591424821482,0.03753059904840059,255,192,50
13.024858344506633,77.48254543739634,0.0019257275871341207,255,199,50
13.024592045766887,77.51018648310833,0.07349612921393842,255,185,50
13.028945301555561,77.61803756604608,0.19483825994100262,255,161,50
12.882826497516257,77.59440997079051,0.06367061313653442,255,187,50
12.888600203339447,77.55855421463033,0.12647040312408517,255,174,50
12.989370620334487,77.77514634284023,0.5541870078945013,255,89,50
13.083367884523495,77.59649257257453,0.1147181043749354,255,177,50
12.863856190002606,77.5942147762623,0.035720769581605145,255,192,50
13.100069747361184,77.55242661138628,0.2681473555844665,255,146,50
12.930283068674434,77.72476075528522,0.14396352955080668,255,171,50
12.930080350728458,77.74409848466603,0.0,255,200,50
13.015810773355165,77.57643840048222,0.034557814648037845,255,193,50
12.971924524520277,77.62849364540261,0.01283762314979832,255,197,50
13.027542089315265,77.48533661198086,0.09350260167992765,255,181,50
13.102532143277848,77.57733797031764,0.0013756948401345273,255,199,50
12.976636797709292,77.69763090183682,0.1308366963662083,255,173,50
12.9353247776692,77.76073304517149,0.48089923782815824,255,103,50
12.968678796947232,77.68096486698857,0.0,255,200,50
12.94942414234027,77.7083901517181,0.3012036455126132,255,139,50
12.90442440097174,77.60292110259701,0.10068284363330661,255,179,50
12.99337936045901,77.65082923189327,0.08471828204008844,255,183,50
12.978088093240329,77.55393936048013,0.1563524917674593,255,168,50
12.997194416068343,77.54031483984836,0.01972838461200475,255,196,50
13.05556468364964,77.66531306369147,0.1561358164543349,255,168,50
12.930225295121335,77.73028585440021,0.06589152805439806,255,186,50
13.002856977168179,77.51549586205911,0.22659513138426074,255,154,50
12.883793298315572,77.49496205135468,0.41286346920859845,255,117,50
12.993826961122654,77.60661367325247,0.04862367566849551,255,190,50
12.995662719894508,77.69230902134846,0.1877673110518323,255,162,50
13.070718894152945,77.50512245266009,0.12028381649322076,255,175,50
12.887971216667243,77.62208936089137,0.13503851720686352,255,172,50
12.888437603348253,77.57512892443039,0.09795254472736979,255,180,50
13.09920668773407,77.6381330602437,0.17764408296218193,255,164,50
12.910763475438772,77.5090449373401,0.036439670173740134,255,192,50
13.020675461480407,77.63177102771279,0.09789315976873579,255,180,50
12.916531843237696,77.74395042798237,0.24956062955798466,255,150,50
12.983778439423752,77.52635917480912,0.17208352725108989,255,165,50
12.973522824944615,77.73628441109942,0.12674745624543976,255,174,50
12.931414030957157,77.6142532209776,0.032909799279635436,255,193,50
13.019171662455316,77.510131876846,0.21723785625164557,255,156,50
12.898811134502502,77.62220227806539,0.15942645301077998,255,168,50
13.118625656660903,77.59409711221782,0.05572664981894728,255,188,50
12.926757611156473,77.53683702335408,0.20065291220132264,255,159,50
12.868918286962131,77.63017832536949,0.006613419732568933,255,198,50
13.017824868186985,77.64556100479362,0.019885821450829632,255,196,50
12.901158398732308,77.65814211922006,0.12777087568900108,255,174,50
13.061991607233246,77.56585806106611,0.0,255,200,50
13.089256740651676,77.54955021586663,0.2022981512882485,255,159,50
12.866180584434805,77.63291213318048,0.08774081449465337,255,182,50
12.887748832104235,77.64418774788669,0.21904286850248167,255,156,50
13.017139470581034,77.71188798579975,0.003394608298208176,255,199,50
12.891976691581439,77.4895173016043,0.6935969523550504,255,61,50
12.899250701057627,77.57800237299077,0.0,255,200,50
13.024511582583958,77.51847867665566,0.12731404028026216,255,174,50
12.958597007154504,77.60624646619422,0.13603915921212759,255,172,50
12.929360063691117,77.54791622563563,0.0011319411172512278,255,199,50
13.126503464814553,77.61906744626863,0.09156967330064086,255,181,50
13.029580044922552,77.55446645929233,0.13578631226029061,255,172,50
13.025727840794298,77.66775746525082,0.027380216586512254,255,194,50
12.880658102063139,77.53913481446219,0.0053896373683661675,255,198,50
12.894765712094001,77.48125602196419,0.5862269728963458,255,82,50
13.047463591864567,77.66246190108865,0.04089712527701955,255,191,50
12.948141078268023,77.56745084109393,0.01177614993545624,255,197,50
12.889055215803612,77.5115913131891,0.185497527033401,255,162,50
13.011341799940231,77.74775376711248,0.22576944815862407,255,154,50
12.964456054903584,77.5620909467913,0.08240299963840725,255,183,50
13.072555678138336,77.59361468228504,0.12422105079487407,255,175,50
13.107421208676438,77.6299255268505,0.1975633597540216,255,160,50
12.94471330007233,77.63926089885472,0.20442728062241206,255,159,50
12.885094657926695,77.63863479894246,0.171539724315775,255,165,50
12.986861942409892,77.48769532483281,0.04434881736395659,255,191,50
12.924181368876287,77.52299503091412,0.14837893446152614,255,170,50
12.83971013074329,77.56910731180682,0.4472852560977296,255,110,50
12.97985803776507,77.64792220473653,0.03931305672992899,255,192,50
13.020108288180875,77.68704503164446,0.16155184542882986,255,167,50
13.132203498222037,77.59147426152751,0.15489877057820214,255,169,50
12.95449672846873,77.74160263101658,0.1159015089835538,255,176,50
13.04754880678951,77.65416989023761,0.05576042080338502,255,188,50
13.11035605522327,77.6078360051548,0.14123198461310046,255,171,50
12.890819272186823,77.60830573091383,0.0,255,200,50
13.007708044683909,77.57359065189317,0.0,255,200,50
12.989839232063195,77.73093602773126,0.03307856985393299,255,193,50
12.853152205768923,77.58029328000598,0.08162186046908675,255,183,50
12.98824007671643,77.62313777887634,0.03472678574871889,255,193,50
12.97060891985206,77.75559543630982,0.24464650793765286,255,151,50
13.075678944402451,77.55217544964967,0.05045296787266028,255,189,50
12.937918741873562,77.50378949949254,0.09392102472611322,255,181,50
12.95289903611501,77.63382050880813,0.08710872935853453,255,182,50
12.860788383251652,77.63009357404135,0.26155892746258014,255,147,50
12.907244266285083,77.5918987947977,0.05128806306981732,255,189,50
12.907051728691613,77.61123685464096,0.026981223708599008,255,194,50
13.097222409654554,77.56622256337046,0.12372778972815028,255,175,50
12.964292289876743,77.57867061563817,0.015043522949333433,255,196,50
12.89836411601727,77.66640053427265,0.07224808152126334,255,185,50
12.9487330545852,77.50666100344348,0.2771587420216737,255,144,50
12.941323501838626,77.70553959845681,0.26422512346494936,255,147,50
13.11071752363654,77.57189285231321,0.06634427211608984,255,186,50
12.935102171622962,77.51481480100702,0.07042442540792704,255,185,50
12.92794592742526,77.68881793056629,0.0867896254978337,255,182,50
13.00929765634198,77.6841646798364,0.06932753225276611,255,186,50
12.906096244947438,77.70516006031345,0.09825224213812113,255,180,50
12.994403041224496,77.54857826590337,0.052972375954886686,255,189,50
13.004303508944576,77.64265370154543,0.15380331631422411,255,169,50
12.959799487173559,77.75271328256986,0.2887667166178416,255,142,50
13.09680622022501,77.60769326355162,0.08315966645713796,255,183,50
13.030572234254437,77.7230902177744,0.29719593011960255,255,140,50
12.847623189442432,77.59128576754213,0.11295688576483492,255,177,50
13.083999922476485,77.5329064676035,0.07146698170514235,255,185,50
13.086271935301422,77.57716880595662,0.10752204252164814,255,178,50
12.9403889209109,77.52868474060705,0.07501552809044534,255,184,50
12.899682814400437,77.53380084675572,0.07195225627884083,255,185,50
12.87258110905709,77.53352823209462,0.1374878218802098,255,172,50
12.994819372693987,77.7724434135627,0.39547497217893274,255,120,50
13.04492386082755,77.6458489865856,0.2745671537163264,255,145,50
12.925264553349127,77.6860263205141,0.02133459918746669,255,195,50
13.013964367429379,77.48796546725372,0.06952647124889315,255,186,50
13.06942594846267,77.63505158088591,0.045443116519777504,255,190,50
12.93995633500644,77.57289360243875,0.024217321628148342,255,195,50
12.943744982007784,77.73319602408002,0.200866568835716,255,159,50
12.836837401315668,77.58565096101596,0.2685252471538758,255,146,50
13.099599976640027,77.59942768338463,0.15615534137790377,255,168,50
12.950741988366511,77.57853109739608,0.06744654159051365,255,186,50
12.975022663012538,77.58983580780543,0.0,255,200,50
12.853260647730155,77.56924508863482,0.11057679384981704,255,177,50
13.110159346044624,77.62718956164251,0.08229962974242334,255,183,50
13.110328042722172,77.6106008182719,0.10770335359804922,255,178,50
12.878425376469453,77.48938338145673,0.5439087242550485,255,91,50
12.954321666990653,77.75817921264687,0.35541959459064315,255,128,50
13.062291746009462,77.53544961724751,0.11696515660781645,255,176,50
13.112981876030588,77.61615908340737,0.028899835167749844,255,194,50
13.025268732399425,77.71197646986714,0.05031689546195637,255,189,50
12.842795799655102,77.53046704771008,0.5632916014394992,255,87,50
12.908395676853019,77.47310109802123,0.061859398933876486,255,187,50
13.047718441392679,77.63758569230413,0.26197216868862877,255,147,50
13.096581531782855,77.62981038070966,0.02433212004946443,255,195,50
13.070584445865869,77.51894536055842,0.3135816165587348,255,137,50
13.091133482508269,77.63251739676193,0.09686447077643645,255,180,50
12.928369727906224,77.64737799632562,0.10944651954227196,255,178,50
12.988212157710542,77.62590120125596,0.11601780809326374,255,176,50
13.083144381804384,77.61860868978555,0.1539214854847807,255,169,50
12.885316528949707,77.61653654569668,0.020646412813052885,255,195,50
12.932258408744403,77.5286027893117,0.022767117905367895,255,195,50
13.003619553276048,77.70897724737253,0.10800540891084486,255,178,50
12.876909097592327,77.64407398566303,0.11609864600453222,255,176,50
12.882328966091032,77.64413085378888,0.15597657275702292,255,168,50
13.035244483801531,77.5296449747661,0.09424740058648028,255,181,50
12.96054929135693,77.6808777873586,0.13821472060845436,255,172,50
13.008410983322019,77.50173102884091,0.4002188501006252,255,119,50
13.115943509730975,77.59130377086548,0.06428944999030144,255,187,50
12.929681770468694,77.51476048308108,0.059800225614093615,255,188,50
12.899763005797373,77.52551288235543,0.09893093145983502,255,180,50
12.961084722112886,77.6283797934927,0.1855186013261214,255,162,50
12.896128841205009,77.61941162272969,0.20315510909727577,255,159,50
12.975296426460853,77.56220195907038,0.08674482700155585,255,182,50
13.07871493244124,77.5190279026172,0.20590459840932773,255,158,50
12.904534223839145,77.5918708630904,0.04164907893108327,255,191,50
12.948004565111853,77.58126628985407,0.0,255,200,50
12.982820160161454,77.62308088196983,0.06260166871713031,255,187,50
13.078443647538611,77.54667415578446,0.11383509148318241,255,177,50
12.979432492662438,77.68937063273786,0.043811980810941106,255,191,50
13.061771082837925,77.58797281324772,0.02886825677415107,255,194,50
12.938005167730724,77.76352542321582,0.5960770983285004,255,80,50
12.863470622566476,77.63288385315408,0.17248194827333385,255,165,50
13.042966259725397,77.57119053820016,0.056630270485337066,255,188,50
13.078141822839747,77.57708430948637,0.14310157294856965,255,171,50
13.042883731447013,77.57948294861212,0.0501864788920396,255,189,50
12.924287974476885,77.5119432304962,0.1456443751686167,255,170,50
13.002233051314944,77.57906211013537,0.07380861413939885,255,185,50
12.991420272700124,77.57618656666003,0.04994792478378291,255,190,50
13.023525379724333,77.61798059547013,0.27561530422287217,255,144,50
12.886131969436226,77.53366446164009,0.1535662532946166,255,169,50
12.94431867019557,77.6779409914283,0.1207580245237333,255,175,50
12.983152757826009,77.58992002941994,0.02085021745716801,255,195,50
12.946338538984739,77.74427637519541,0.19367332320056146,255,161,50
12.955129617830059,77.68081976722615,0.16034257924100173,255,167,50
12.993237945516217,77.6646462529566,0.07706779104471703,255,184,50
13.076004770873885,77.51900038239302,0.21841147661413607,255,156,50
13.056323358241038,77.59068060483776,0.054036715960414275,255,189,50
13.121111713613017,77.61624509671232,0.17433455315281454,255,165,50
13.02872087382599,77.64014846058058,0.107697957196281,255,178,50
12.887552718837645,77.66352349570883,0.138926676187538,255,172,50
12.963145034794998,77.6919588342123,0.054365085995740345,255,189,50
12.9663927314989,77.63948934982164,0.04913572630556089,255,190,50
13.045288835071782,77.60991640018368,0.05987725293032923,255,188,50
12.980852450399432,77.54844004319199,0.08084794091164291,255,183,50
12.995576620758401,77.7005990471465,0.14057344977438427,255,171,50
13.1127845030031,77.63551271563962,0.05898730369769419,255,188,50
12.902659324794872,77.50620108077266,0.2208786756296191,255,155,50
12.911715385722355,77.68588145067746,0.13922817867213005,255,172,50
13.10529743695138,77.57183652147917,0.01979506591732066,255,196,50
12.937651939088553,77.53142048828468,0.1601161743840329,255,167,50
12.902446483205319,77.52830277969646,0.02624365351043731,255,194,50
13.029250815975413,77.58763441343963,0.047018416982614886,255,190,50
12.98063475170441,77.57054790334217,0.04403202830825816,255,191,50
12.896513378455193,77.58073712091507,0.017981441514115393,255,196,50
12.942447266283459,77.59502547226973,0.04760604096528049,255,190,50
13.077470893453976,77.64343105740706,0.03475558374757826,255,193,50
12.997587960193453,77.76694711866037,0.1952551549315211,255,160,50
12.98424502111616,77.74745549939787,0.05206158454869155,255,189,50
13.034836081754607,77.57110652645626,0.030826853028635526,255,193,50
12.871405461875868,77.65230339852849,0.13244301332326455,255,173,50
13.089037161824123,77.57166768106205,0.14593134637776173,255,170,50
13.089119725576003,77.56337367894201,0.17474804438046565,255,165,50
12.98398088153032,77.77232311179664,0.47478094573068286,255,105,50
13.043616943395914,77.50484921946355,0.12371434161025482,255,175,50
12.866729772804781,77.57766961980404,0.05718145791777135,255,188,50
12.996592387291495,77.6011148441855,0.034720275991291065,255,193,50
12.995098356949647,77.47672108061896,0.26074486013445297,255,147,50
12.935644756505644,77.73034482683599,0.0662265269002539,255,186,50
12.890874298598726,77.60278094617956,0.060121502495408125,255,187,50
13.000492501279751,77.47953873210547,0.1104141146220729,255,177,50
13.083727043856735,77.56055301062904,0.02479983165492138,255,195,50
12.96527723839593,77.74724711402021,0.05435918715306037,255,189,50
13.099291451952187,77.62983915752565,0.049421908835895784,255,190,50
12.913287192049294,77.52841178712285,0.1415383613895842,255,171,50
12.929333065069924,77.55067916364158,0.07058720098360383,255,185,50
13.051396961623167,77.54086762452937,0.1516507318241372,255,169,50
13.011077090460681,77.7726240707793,0.6009786349477719,255,79,50
12.93448160604618,77.57836388468476,0.014994466251957111,255,197,50
12.869276280956898,77.59427051427765,0.10833443596021479,255,178,50
12.852879070461222,77.60791331411572,0.07294695798329731,255,185,50
13.063694233642789,77.66540029483488,0.07053193195764493,255,185,50
13.120970790596965,77.63006960533512,0.18081364113877113,255,163,50
13.022015342743403,77.4963388807951,0.13287787526607495,255,173,50
12.928924583517356,77.5921224777124,0.08319965837451038,255,183,50
12.970173869797465,77.53174913614468,0.052735364897017745,255,189,50
13.041929889462526,77.67345956167027,0.1919995900236963,255,161,50
13.075404174210515,77.57982064805084,0.0896825923856246,255,182,50
12.980798201562495,77.55396704597274,0.12151440749286886,255,175,50
12.981300716824407,77.76953004239799,0.3568604909960632,255,128,50
13.06511015556182,77.52441936291159,0.24355090757119321,255,151,50
12.954417998646493,77.4790818980674,0.05459188974662424,255,189,50
12.9027650465178,77.49515008332482,0.3050537335569187,255,138,50
12.94426182711619,77.6834666140613,0.2331345468682794,255,153,50
12.970871194246476,77.73072880196412,0.03720894914743216,255,192,50
13.017909352900512,77.63726986659948,0.11507587212877403,255,176,50
12.992149700063603,77.50156804533812,0.042528142987073914,255,191,50
13.083228416880397,77.61031519402027,0.018206308896198054,255,196,50
13.000590728480368,77.73934451488988,0.2800685043414983,255,143,50
13.069845673746759,77.5935863615585,0.07933390417603269,255,184,50
12.893418856045267,77.61938341987575,0.1731095758757532,255,165,50
12.868695543672922,77.65227489840187,0.21930132900730462,255,156,50
12.99180116365283,77.53749604977006,0.05965434289014678,255,188,50
12.98401034755244,77.76956007093112,0.3887253913169226,255,122,50
12.924314552931877,77.50918026494193,0.07188252050656836,255,185,50
12.907353646880551,77.5808483346541,0.009903862306178506,255,198,50
12.970462187595688,77.76940999636332,0.40900052705049716,255,118,50
12.932043190417485,77.5507067063671,0.049028236654068455,255,190,50
13.09917837384349,77.64089768149287,0.27163824904248474,255,145,50
12.957610900900145,77.70295224484282,0.14249671982219206,255,171,50
13.010197774464245,77.5957286533406,0.2999852575890612,255,140,50
12.920767021486945,77.59480129653765,0.024631934258053795,255,195,50
12.965160312803684,77.75829861835766,0.3900218740261971,255,121,50
12.96625220670128,77.65330500787375,0.0021785030748533215,255,199,50
12.996173771302333,77.64256762135356,0.21708026793996982,255,156,50
12.915997367716626,77.52843905450983,0.15353323120085444,255,169,50
13.040906744894999,77.50482193006704,0.05273140569124508,255,189,50
13.026951575550749,77.54614662022206,0.0033381242553397975,255,199,50
12.994878326275177,77.76691708596975,0.21665444293363628,255,156,50
13.023803147657969,77.59034199760949,0.11304425778931335,255,177,50
12.986983910503247,77.74472216396956,0.0019908849217206686,255,199,50
13.009947655734967,77.62060195641183,0.0526449217309373,255,189,50
12.880496829081192,77.55570925450851,0.009951308942438347,255,198,50
12.971587294968948,77.66165197958188,0.10301076850405341,255,179,50
12.86106401885006,77.60247316454812,0.11309304641754883,255,177,50
13.005107396915138,77.56250776274781,0.056192762466675227,255,188,50
13.124156922875203,77.58309394115484,0.19531789862248117,255,160,50
12.89889412089803,77.61391492062589,0.191505573890545,255,161,50
12.998055467347406,77.72273504410353,0.05469957078103673,255,189,50
12.983616713099027,77.54294058757418,0.05034660357709934,255,189,50
12.917613954638274,77.63897591897026,0.0,255,200,50
12.865873580708145,77.66329441689138,0.057826393635042245,255,188,50
12.954872418600942,77.70568587384082,0.1728294973419547,255,165,50
12.94076129858218,77.4900006802629,0.032559345995078245,255,193,50
12.947507067923665,77.63100058583662,0.1298692308382063,255,174,50
12.943576913255127,77.4789746637679,0.1441701236930065,255,171,50
12.931689475855059,77.58662471433938,0.0993088006365002,255,180,50
12.901521112408817,77.62223052346029,0.07375504774499009,255,185,50
13.124045642180274,77.59415399012185,0.0077682137876113905,255,198,50
12.97881040465396,77.47932353185038,0.07636952868769495,255,184,50
13.013155579676996,77.57088277357909,0.04852901627745401,255,190,50
13.007598138084647,77.58464560156668,0.09153236688267534,255,181,50
13.101859919654334,77.643691230395,0.37971809571712184,255,124,50
12.97057401558239,77.49029705449364,0.12672089478944903,255,174,50
13.033885855947661,77.66508073601304,0.16858643648181246,255,166,50
12.925659810617445,77.64734941885234,0.03982970382495553,255,192,50
12.893830552534565,77.57794685081494,0.032765122596454886,255,193,50
12.983697708179038,77.53464990924638,0.015829038732704002,255,196,50
13.072500086466812,77.59914352193641,0.01662167322615102,255,196,50
12.998572437456774,77.67299441228919,0.12484222445810425,255,175,50
13.052797791784403,77.67081208128712,0.04983932751587612,255,190,50
12.967677897137598,77.50961434941406,0.05332030914987685,255,189,50
13.038142993162497,77.5103231068883,0.04970900151414104,255,190,50
12.842366119595503,77.57465872651156,0.3246939310574641,255,135,50
12.934617825568774,77.56454914881135,0.07899533466643445,255,184,50
13.074789287386702,77.64063783835529,0.030817417846650954,255,193,50
12.861418006163657,77.56656567807117,0.13057960860814358,255,173,50
13.101944879502113,77.63539727613684,0.1322727402787896,255,173,50
13.00050309598889,77.74763437892824,0.3018628275881603,255,139,50
13.05333491875427,77.61829425262239,0.06221123059293484,255,187,50
12.919587887000585,77.71083085838363,0.27121646672662236,255,145,50
13.042129051034449,77.65411204856639,0.01221706246065026,255,197,50
12.857939538287884,77.64387515171322,0.330573362698237,255,133,50
13.015367571809243,77.62065892247473,0.11520768804142242,255,176,50
13.02595457257443,77.64564733096293,0.0002817081667808278,255,199,50
13.091218014970204,77.6242237265904,0.02302795663362421,255,195,50
13.09719487072218,77.56898732122858,0.02985530995408681,255,194,50
12.961140468952864,77.62285355236567,0.1635142675527093,255,167,50
12.88017114336961,77.58885745530272,0.0,255,200,50
12.977732695240293,77.58986387530757,0.01894212135271706,255,196,50
12.850577577648345,77.56645548658754,0.21000434496715326,255,157,50
12.92512200465883,77.69983918715096,0.07153133233832942,255,185,50
12.980607407493176,77.57331135748238,0.04042610984139923,255,191,50
12.940254541154664,77.54250018216426,0.07572009772367568,255,184,50
13.077947892048348,77.59643582615104,0.15829366878478954,255,168,50
13.03185013351055,77.5987184798882,0.14682972467191863,255,170,50
12.957177318577832,77.74439510377047,0.009231555612633145,255,198,50
12.91326043256729,77.53117459041184,0.13477794000962323,255,173,50
12.971044726838121,77.71415074330064,0.014671432235845331,255,197,50
13.085685425325552,77.63522431167098,0.13600077076955697,255,172,50
13.094731551415942,77.5440764382442,0.06910645028938485,255,186,50
13.018821227798329,77.54606353199179,0.10895711666143541,255,178,50
13.014688666917335,77.68698660152972,0.04547985914157998,255,190,50
12.922639881856382,77.6777096232938,0.0570864355808263,255,188,50
13.088592329248197,77.61590139159351,0.11350529188536897,255,177,50
12.963570467720105,77.65051319087137,0.03844622746690594,255,192,50
12.890984002311768,77.59173130005453,0.04387645270663372,255,191,50
12.928897117945606,77.59488531460906,0.022437200527136186,255,195,50
12.93042699202402,77.7109478904496,0.06385273383701201,255,187,50
12.86048183232777,77.66047527849466,0.09375136402721834,255,181,50
12.98202768908631,77.70045257167494,0.1308220250262642,255,173,50
13.047858993547129,77.62376534873499,0.03129059759027587,255,193,50
12.933337077433107,77.69163866654823,0.06196800643982436,255,187,50
12.905659225227144,77.47583728040513,0.1662497989953548,255,166,50
13.006386971606288,77.7034797954131,0.11533958901492943,255,176,50
12.956703545483409,77.52332223321687,0.042063798090239954,255,191,50
13.067521338914874,77.55485630014878,0.13209061408460485,255,173,50
12.905527991319943,77.48965137463163,0.2535185219809497,255,149,50
12.863746608442813,77.60526321213659,0.043821011967112314,255,191,50
12.911885297446181,77.66930668439834,0.007267119610769505,255,198,50
12.952391325523939,77.68355366442962,0.19267394589323283,255,161,50
12.959279432047504,77.53716608740751,0.01539400361670962,255,196,50
12.885618562907007,77.58615077670393,0.10782432776847917,255,178,50
12.878081507195162,77.52529545252692,0.33660395967967044,255,132,50
13.055876367099746,77.63490781701842,0.2851914055170851,255,142,50
13.025384215050297,77.70092187779252,0.22627525562566386,255,154,50
12.853070569729704,77.58857935705223,0.17122316453882627,255,165,50
12.919236839731315,77.47320777773803,0.2793102598067158,255,144,50
12.99443015090642,77.54581460561488,0.06187590688809904,255,187,50
12.913606031948547,77.49525766501766,0.0721615937256818,255,185,50
12.979716921739664,77.6617385113286,0.01252139982393678,255,197,50
13.016514930399007,77.50457660295507,0.38131326279948136,255,123,50
12.989693596895686,77.7447519372074,0.036510032892054414,255,192,50
13.000268118646169,77.76974038516275,0.30188535140441175,255,139,50
12.937571328686214,77.53970966389882,0.05797372895120887,255,188,50
12.901851557735664,77.58908039162228,0.06711517996550888,255,186,50
12.988434688844997,77.60379364194581,0.17294253628243977,255,165,50
12.890206301995004,77.66907665988315,0.14639120462049848,255,170,50
12.864073959656718,77.572117599235,0.21597600566660194,255,156,50
13.023858348410654,77.58481420132185,0.042345752400473814,255,191,50
13.030092659570258,77.50194868492203,0.08041207098328447,255,183,50
13.001139602746633,77.68684064193151,0.16547451831478216,255,166,50
12.909033935621116,77.68309008160762,0.15629925000008943,255,168,50
12.886185401428952,77.52813945488634,0.2731201511687929,255,145,50
12.953038385946641,77.62000536938,0.10281768023840265,255,179,50
13.014017346230409,77.48243744888144,0.11271356010039395,255,177,50
13.009067928611374,77.70627263854936,0.14556388452869815,255,170,50
13.026039111840863,77.6373559229901,0.045287651499923844,255,190,50
12.97591087115045,77.7667070476595,0.251876097475782,255,149,50
13.037954631550209,77.52967252204739,0.0917773730201567,255,181,50
13.042495095162142,77.61818010525043,0.12784981286370908,255,174,50
13.05635104462436,77.58791634956779,0.07076292641962366,255,185,50
12.947141876080327,77.66691849873791,0.2580867832439765,255,148,50
13.043482783391738,77.51867062357603,0.1355472167969362,255,172,50
12.942802426707566,77.55910616287383,0.16138954132666794,255,167,50
12.915890131631762,77.53949034919182,0.027571251346101177,255,194,50
12.999107816074465,77.62048810165678,0.0069806606185844585,255,198,50
13.006501928151371,77.69242596227713,0.028145492298661135,255,194,50
12.927457685782906,77.73578139105818,0.06482037804070331,255,187,50
12.880738346056635,77.53084751016586,0.2875529724964065,255,142,50
12.95580390471181,77.61450755333229,0.0566051207966966,255,188,50
12.94109314178014,77.72764116089851,0.14159007162950632,255,171,50
12.963961599182792,77.61182926709358,0.06559054409624446,255,186,50
12.92834167875913,77.65014070439908,0.07577558224047269,255,184,50
12.860954112867523,77.6135214053912,0.0805213585997847,255,183,50
12.999023986791034,77.62877872766396,0.04532975937228371,255,190,50
13.03131784151991,77.65123260703446,0.19335220990558777,255,161,50
13.118289113299522,77.6272759181092,0.06739519905582592,255,186,50
12.973337125182967,77.48479692578235,0.257093505315736,255,148,50
12.921815869999623,77.48704947916829,0.04222792554500591,255,191,50
13.000765201392653,77.72276460506696,0.09266791243026205,255,181,50
13.042578860234688,77.60988796310814,0.022578147214897294,255,195,50
12.899467689459865,77.5559018107864,0.04678268536422618,255,190,50
13.009154296708472,77.69798220377966,0.1422289989810926,255,171,50
12.919299560962651,77.73845523169025,0.04433375819262912,255,191,50
12.93316547007608,77.70821454239693,0.02583414976984741,255,194,50
13.012907786679914,77.59575686357712,0.21893968802668948,255,156,50
12.957582200071311,77.70571514886915,0.08107102683797748,255,183,50
13.110215696681854,77.6216600063418,0.00961975575810205,255,198,50
12.998827358163181,77.64812329502736,0.18276213450852186,255,163,50
12.984230932523175,77.47937729531864,0.0952608101311181,255,180,50
12.947757000120049,77.6061336972986,0.040810933505373806,255,191,50
13.028522955500458,77.65949515229329,0.14790782053543017,255,170,50
12.918111842483565,77.58924786097475,0.07862243442742797,255,184,50
13.042043872712243,77.66240387923139,0.09793267255868064,255,180,50
12.948519427508044,77.52876674784353,0.11033527933116721,255,177,50
13.008007864943764,77.5431890191882,0.03182699978502373,255,193,50
12.958954149910628,77.57032516232512,0.07104542482355768,255,185,50
12.836864577767441,77.58288911256388,0.29810447765393394,255,140,50
12.92336694788205,77.60588034201709,0.07119722002535737,255,185,50
13.000356455148477,77.76145068373319,0.08669578898182319,255,182,50
12.87566253986148,77.4948815581476,0.3625389801183522,255,127,50
13.03377182848576,77.67613603201977,0.0548418916473861,255,189,50
12.997248441701796,77.53478741565276,0.025138332396255115,255,194,50
13.091358311242164,77.61040081376855,0.020849439408336858,255,195,50
13.051315352670661,77.54916051335908,0.08439917564587099,255,183,50
12.933592518578473,77.66677440676064,0.2502049816156233,255,149,50
13.009383319790714,77.67587408617234,0.010316747976658497,255,197,50
12.912499332908844,77.6085305327613,0.06485763643693289,255,187,50
12.925603695306092,77.65287476901268,0.1030717043376377,255,179,50
13.0511787483213,77.562981869123,0.17352626301903024,255,165,50
12.940734890088935,77.49276386743611,0.03917438492239333,255,192,50
13.037463648887652,77.5794267542887,0.05536081685920202,255,188,50
12.891525538014664,77.53648155036714,0.03731074852434317,255,192,50
12.97092915551562,77.72520280919328,0.03366871654947476,255,193,50
13.011359944968401,77.47688248415245,0.27980245501597484,255,144,50
12.973071621877551,77.51243222306816,0.0,255,200,50
13.046192952444683,77.5186980693653,0.05872809175011069,255,188,50
12.954786159334118,77.71397445657198,0.18002889620209306,255,163,50
12.927888924764948,77.69434314331212,0.05947947674699249,255,188,50
13.080685687546557,77.59369968279182,0.16769325083397668,255,166,50
12.992229427463233,77.49327681915365,0.08344404724927475,255,183,50
12.890318798271203,77.65802763393542,0.12490704019366748,255,175,50
12.899494681988728,77.55313921218641,0.031224809042565943,255,193,50
12.90623886865389,77.69134829955834,0.0827349740183756,255,183,50
13.132370170347299,77.574883567176,0.28666825409173174,255,142,50
12.997939294456733,77.73378822455744,0.09874116803045102,255,180,50
13.059199083375855,77.57412305607167,0.09572991912538847,255,180,50
12.951874144921884,77.73328468279358,0.21705891925379858,255,156,50
12.982903705216883,77.61479075546647,0.21312242171044685,255,157,50
12.871544924548116,77.63849294102225,0.15443187811867373,255,169,50
12.926838064207624,77.52854818618896,0.04055641186639193,255,191,50
12.956244071888364,77.57029734813933,0.07531974933018021,255,184,50
13.013786707872658,77.77265420418615,0.6690640051727683,255,66,50
13.017312406509372,77.69530659720131,0.0,255,200,50
13.00595170199547,77.74493071840214,0.2849750236939101,255,143,50
13.05383396238362,77.56853837280967,0.1336110546913066,255,173,50
12.954901113226018,77.70292299961949,0.20881292804563842,255,158,50
12.961168298491321,77.62009042212594,0.12544574343103604,255,174,50
12.883819615879656,77.4921994943242,0.4961400805214641,255,100,50
13.054537942568201,77.4966651615176,0.28079841779140147,255,143,50
13.035459590196208,77.50753157286003,0.15704908439365198,255,168,50
13.04055647245966,77.5407568674824,0.151624273619607,255,169,50
13.04063774629361,77.53246428289599,0.11532251704468827,255,176,50
12.934508908344494,77.57560095015681,0.0017924510527109136,255,199,50
12.9659689623773,77.68093583385395,0.09034021794353918,255,181,50
13.1237935268557,77.61903872558678,0.09640628483878892,255,180,50
12.9974901043574,77.5099136988733,0.14924431785938969,255,170,50
12.861228007131714,77.5859006117505,0.1464727399557702,255,170,50
12.961800302920317,77.55653666239073,0.07218891925817811,255,185,50
12.924892410279424,77.72193942846789,0.13283579361904357,255,173,50
12.940119431074926,77.55631546748293,0.11446577596765749,255,177,50
12.875344667915918,77.5280306958694,0.253443103405891,255,149,50
13.01895659831621,77.53224378912869,0.0032962664281552664,255,199,50
13.025355388482456,77.7036855357977,0.13295594728702842,255,173,50
12.981494291903854,77.48211406972858,0.02563181850954308,255,194,50
12.872740882199016,77.5169540262806,0.2875557625473244,255,142,50
12.932097170163678,77.54518076458115,0.021658907913788432,255,195,50
12.925321368673,77.68050112761316,0.05553893407662044,255,188,50
12.994212451982282,77.56792371199516,0.09279288357435725,255,181,50
12.914024594393759,77.72458435558693,0.1412253306646599,255,171,50
12.99957786007142,77.57350679709661,0.021540090866983875,255,195,50
12.89070887026478,77.61935522345526,0.15832490017314604,255,168,50
12.995947810607769,77.66467517260172,0.0010109992388528176,255,199,50
12.928676342854521,77.61698777964659,0.10797195175703551,255,178,50
12.998883684476375,77.64259630825009,0.14751427896833139,255,170,50
13.012150131029196,77.6703760096692,0.18721809863480743,255,162,50
13.113510288933263,77.56362621022433,0.07006983381963901,255,185,50
12.908720095404313,77.71347628149417,0.3340278930183517,255,133,50
12.962043395485852,77.53166689015046,0.08715745474694928,255,182,50
12.996032765865822,77.65638488985627,0.0012891097637188049,255,199,50
12.918707542766251,77.52846632810962,0.21068018507915046,255,157,50
12.966025845335324,77.67540972117253,0.02551420257080498,255,194,50
13.080209088789816,77.64069553574258,0.00922442434690245,255,198,50
13.00111097868457,77.6896040635573,0.1456937412257344,255,170,50
12.98911800345208,77.53470489310351,0.025144608395698428,255,194,50
12.937136967290645,77.58391764719576,0.045972453359652526,255,190,50
12.918973649595172,77.50083736019496,0.07566389926971505,255,184,50
12.956216780784928,77.5730605336458,0.041114053222392234,255,191,50
13.091939485347242,77.55234283421723,0.20942226807587505,255,158,50
13.124101341803948,77.58862397839916,0.1032436420603026,255,179,50
13.06795502264056,77.51062422308397,0.08262381961081695,255,183,50
12.933479281028003,77.67782525471658,0.05870841524990796,255,188,50
13.031346121647843,77.64846876392436,0.13749360091422627,255,172,50
12.999877486593556,77.54310615234313,0.034383917037775984,255,193,50
12.927659747338783,77.71644372893543,0.08919880587721284,255,182,50
13.06394967702226,77.6405225216182,0.06597939036037326,255,186,50
13.01838310380049,77.5902856523352,0.14123383315637655,255,171,50
13.004077402117051,77.66476197086557,0.07659890079200272,255,184,50
13.069256199403103,77.65163726108604,0.3299717325546959,255,134,50
13.053943564098375,77.55748123096897,0.012484634429060514,255,197,50
12.98295925539112,77.60926397229848,0.21380101080891126,255,157,50
12.938842158380783,77.68340861346024,0.12085411234460286,255,175,50
12.980249266162904,77.6092356829061,0.15128602976081607,255,169,50
12.943603181336458,77.47621141626668,0.13594267831185464,255,172,50
12.90920363572663,77.66651545404306,0.05893919914356483,255,188,50
12.869737020944225,77.54731252396712,0.053169716688260815,255,189,50
12.9584026519703,77.62558825915667,0.2124430513791426,255,157,50
12.889161055575185,77.50054095840291,0.42369194776360725,255,115,50
12.850414950138617,77.58302759627006,0.18781512078087778,255,162,50
13.024214286271032,77.54888290764822,0.0973991996224845,255,180,50
12.936302391328832,77.66680321204775,0.3414061810697112,255,131,50
12.94708525443605,77.67244423353648,0.11554048753824918,255,176,50
12.919131913699264,77.48425968403261,0.06433441780590891,255,187,50
12.991172378588619,77.60105838709094,0.08910913193221227,255,182,50
13.083451210605206,77.58819892290359,0.016885106690122286,255,196,50
13.011950206606521,77.68972093774435,0.17637424852053232,255,164,50
12.952162636503044,77.70565660546346,0.2662041674183646,255,146,50
13.094567329055012,77.56066501246305,0.31768347143679104,255,136,50
12.965883418488382,77.68922495342355,0.12338099772393643,255,175,50
13.104598163895528,77.6409554959741,0.33530193853286855,255,132,50
12.901741875173762,77.60013053790628,0.1089130653705455,255,178,50
12.960378014276504,77.6974556091066,0.17996020828395762,255,164,50
12.944176343426822,77.69175499852797,0.060752348004530825,255,187,50
12.949538812771749,77.697338879918,0.12187398893825302,255,175,50
12.895710507106836,77.66084718911924,0.058154758610478974,255,188,50
13.048605248839852,77.54913272454948,0.009971185812364825,255,198,50
12.93409630840276,77.61704429962064,0.035762699998460955,255,192,50
12.994047945642611,77.58450527665539,0.09962516489369407,255,180,50
12.976057520399266,77.75289215524344,0.0747933878172473,255,185,50
12.934344656616659,77.59217846213546,0.08891012199422715,255,182,50
13.05456462073227,77.49390072347826,0.25876191799977377,255,148,50
12.906409056136019,77.67477396856434,0.09271536226434395,255,181,50
13.121055433290113,77.62177491955299,0.13978386502680729,255,172,50
12.964618766293928,77.54551105114908,0.15230128008930258,255,169,50
12.987332128711694,77.71156405792723,0.10470707871992005,255,179,50
13.102029573111544,77.62710326344015,0.17338393832868423,255,165,50
13.140472540551022,77.57773357636374,0.2335721379608819,255,153,50
12.881161894406095,77.4866476136332,0.6480245896313802,255,70,50
12.85249180854855,77.64658028490845,0.5319237659526754,255,93,50
12.963287577142577,77.67814378409074,0.0945774315324191,255,181,50
12.902042381118124,77.56974239102391,0.13550847259497464,255,172,50
12.869494145406497,77.57217286376323,0.15322286536286256,255,169,50
12.90512991927037,77.53109273641218,0.01949185226217072,255,196,50
13.051774296031866,77.50216673514659,0.11280024962864457,255,177,50
13.045177065408948,77.62097269695714,0.07708909917337156,255,184,50
13.024618808002923,77.5074224062271,0.16426078134895544,255,167,50
13.017796647846051,77.64832470451445,0.05765857115960445,255,188,50
12.914904016667753,77.6389474566483,0.010205745098899504,255,197,50
12.871931557047207,77.59982280110994,0.15905241618237084,255,168,50
12.893556815680395,77.60557138989815,0.03890480729567834,255,192,50
13.012713413627583,77.61510302059494,0.11982995509569805,255,176,50
12.916526549934625,77.47318109869303,0.20920189839210843,255,158,50
12.945566744922424,77.55360762440736,0.19428744306012646,255,161,50
12.920684503341375,77.60308950131018,0.04360776695917132,255,191,50
12.982227960389405,77.68111013154483,0.1915052828747418,255,161,50
13.038008596369144,77.52414414875095,0.2603624745452139,255,147,50
12.977815149631024,77.58157369765189,0.0,255,200,50
12.900369099038096,77.46196998041354,0.5248086949610563,255,95,50
13.00212295723016,77.5901167694829,0.22483625851149402,255,155,50
13.007872023548153,77.55700803755202,0.022020355152182723,255,195,50
12.874778322079406,77.58603952878116,0.03164263031338163,255,193,50
12.984274223479956,77.74469239748163,0.07634579300455181,255,184,50
13.02703293855571,77.53785452336099,0.10721267043451645,255,178,50
12.893446506167132,77.6166210267201,0.07962756432543022,255,184,50
12.88580893422038,77.56681397755285,0.0473210106034899,255,190,50
12.947562812973205,77.62547465570248,0.0983622127228531,255,180,50
12.93370528915062,77.65572345394882,0.24796309039306103,255,150,50
13.05928154112352,77.5658300666657,0.008830337992331206,255,198,50
13.029001114362732,77.61250977784334,0.08572575030041879,255,182,50
12.874059378910756,77.65785610183582,0.12922251905687968,255,174,50
12.94094821780005,77.74145441978466,0.18338190665617596,255,163,50
12.98165194827218,77.73637338112883,0.05659535078621004,255,188,50
12.895766663288512,77.65532253139388,0.14000108581305878,255,171,50
12.85580787682726,77.58584508937919,0.15215500099955576,255,169,50
12.975728354911668,77.51798649326851,0.16947224571734182,255,166,50
12.929841047592305,77.49818227732304,0.0,255,200,50
13.096411773501105,77.64639794665398,0.3061765763263294,255,138,50
13.00217806297998,77.58458945252649,0.13580943771230522,255,172,50
12.983589656110391,77.54570413451637,0.010981788606111582,255,197,50
13.053723889056444,77.57959541346241,0.16930582138359437,255,166,50
12.989359509828153,77.50983198402973,0.1266105606435364,255,174,50
12.9282291904196,77.66119147150313,0.007450909219671931,255,198,50
13.03173895461694,77.60977427904938,0.08315512213663834,255,183,50
12.971473948282686,77.67270454878935,0.10676139367005953,255,178,50
12.875237780566174,77.53908021036455,0.07249452238030421,255,185,50
12.863883512818044,77.59145265135437,0.04114189223693973,255,191,50
12.931907730178974,77.56452145100802,0.021897268997093752,255,195,50
12.924261366843522,77.5147061898773,0.14435115764125,255,171,50
12.855534101808134,77.61346529160583,0.2347511814518447,255,153,50
13.082975514089789,77.63519550698093,0.0716158063680925,255,185,50
12.88257890920005,77.6192706727913,0.0571173891132056,255,188,50
12.885288896842045,77.61929884991338,0.036701679446833446,255,192,50
12.920985786688899,77.5726991371019,0.14867018665687215,255,170,50
13.018300117867833,77.59857711907185,0.07413100655916316,255,185,50
12.941006274983252,77.73592913639447,0.13403523712534157,255,173,50
12.96550968544034,77.72514378159221,0.09830222386910865,255,180,50
13.115999114423197,77.58577392773276,0.041047084314302,255,191,50
12.899736304451276,77.52827554336865,0.009479187640123307,255,198,50
13.021801408550438,77.51845128046382,0.09586611469610593,255,180,50
12.926568866016693,77.55617742488654,0.03663809024066653,255,192,50
12.935528809131569,77.74139518245478,0.027031811445903206,255,194,50
12.885970975369219,77.55023933233754,0.005569951425427555,255,198,50
13.04380353017502,77.48549899488715,0.4507822374277382,255,109,50
12.906606283142585,77.6554369502207,0.1434384300042936,255,171,50
12.934454274551582,77.5811268128758,0.021479631424256126,255,195,50
13.008223683867069,77.5210782647614,0.20165439178431893,255,159,50
12.87187667239432,77.60534718384626,0.12269447489005776,255,175,50
12.940860913053951,77.74974229432397,0.2719064539836313,255,145,50
13.06746659726152,77.56038519709676,0.0,255,200,50
12.983235247814942,77.58162967250205,0.11231638253285302,255,177,50
12.860565785337803,77.65218943709029,0.2944149839881939,255,141,50
12.937109571473428,77.58668059245797,0.027189426248537686,255,194,50
12.89163244844456,77.5254312996477,0.12571501972097737,255,174,50
12.868945999202579,77.6274162246106,0.06288369752864102,255,187,50
13.052911755139817,77.65975589200248,0.1316185073892205,255,173,50
12.947977174796657,77.58402936059723,0.0,255,200,50
13.096637881319982,77.62428114015783,0.02894416292236486,255,194,50
12.927831805423539,77.69986832957609,0.04928379209795337,255,190,50
12.952047590562193,77.716707916582,0.08720271425284902,255,182,50
13.08353427079835,77.57990521585403,0.0,255,200,50
12.979058355909329,77.72529140084893,0.2985833513983426,255,140,50
12.89667643373451,77.56416195299494,0.07975283060814511,255,184,50
12.88347521897492,77.528112255819,0.3335547527197257,255,133,50
13.072416477585834,77.60743673338735,0.009449567896245684,255,198,50
12.919472906359468,77.7218806880054,0.0,255,200,50
12.921202685311995,77.55059657307507,0.07192002479601853,255,185,50
13.003154191969344,77.7531908179092,0.1431854965997628,255,171,50
12.933021661457062,77.72202758932083,0.03621673642862114,255,192,50
12.943018532749415,77.53700144312701,0.047915275438670045,255,190,50
12.937054692234316,77.59220646390297,0.14271631532739693,255,171,50
12.861472030363913,77.5610413544947,0.16344686921670568,255,167,50
12.875397937215375,77.52250590134679,0.24885282629569042,255,150,50
12.982708356485288,77.6341342936257,0.0729967707051351,255,185,50
13.064564036646908,77.57970797993491,0.06618100942128537,255,186,50
12.994375902203785,77.5513419199223,0.04377356964164998,255,191,50
12.881109357956255,77.49217268676837,0.464166059018306,255,107,50
12.96760512173598,77.7831942425637,0.8745565875186884,255,25,50
12.947028515923394,77.67796994206017,0.16123085351270633,255,167,50
12.903386451575322,77.70513091159476,0.02950240824596216,255,194,50
12.885700325108497,77.57786361504041,0.02887795488660257,255,194,50
12.93305048154146,77.7192649932866,0.07818902974281368,255,184,50
13.048220982604212,77.58783170183766,0.13490535661366887,255,173,50
12.898727886124988,77.63048957753688,0.052829508975556085,255,189,50
13.039757163126085,77.62091558899502,0.22236655088868562,255,155,50
12.943072267067254,77.53147520069166,0.17526508643634287,255,164,50
12.984448822413311,77.7281136444804,0.19526547943088485,255,160,50
13.044810559798625,77.65690494626043,0.04008317973983982,255,191,50
12.896321822910053,77.60007452829036,0.15055806099728122,255,169,50
12.866919244742753,77.55833413928694,0.10473949836366873,255,179,50
13.033857393211893,77.66784456987061,0.16641697900893038,255,166,50
13.092021445902393,77.54404860929918,0.11011274539717258,255,177,50
13.070772466823874,77.49959324626258,0.09235217715676597,255,181,50
12.943497933654879,77.48726436967989,0.012983655083782393,255,197,50
12.946483671739422,77.73046285222374,0.313246726784921,255,137,50
12.985023200711778,77.67284939837073,0.07797716274054906,255,184,50
12.875477623188448,77.51421866312124,0.26719176380026916,255,146,50
13.061632296572556,77.60179432646773,0.11377224008971981,255,177,50
12.902177809899381,77.55592934393766,0.058821507160526414,255,188,50
13.03970112567374,77.6264435785822,0.03616667352885201,255,192,50
13.039475798389946,77.64855527778684,0.17950946116268077,255,164,50
13.050116481051361,77.66801895640332,0.01846887121431539,255,196,50
12.99092210902829,77.62592968928297,0.16775551385230092,255,166,50
13.039896741583906,77.607095502245,0.13367455929454347,255,173,50
13.110579089452914,77.58571726944234,0.11728483208315367,255,176,50
